rank,case_id,wc_eV,eta,ntraj_per_run,independent_repeats,time_end,required_until,required_Q,active_orbitals,inactive_orbitals,max_inactive_noise,inactive_noise_limit,tail_window_start,tail_Q,signal_rms,signal_peak,repeat_noise_rms,particle_number_max_error,passes_required_interval,min_active_Q_0_10,Q_orb0_0_10,Q_orb1_0_10,Q_orb2_0_10,Q_orb3_0_10,Q_orb4_0_10,Q_orb5_0_10,Q_orb6_0_10,Q_orb7_0_10,Q_orb8_0_10,Q_orb9_0_10,min_active_Q_10_20,Q_orb0_10_20,Q_orb1_10_20,Q_orb2_10_20,Q_orb3_10_20,Q_orb4_10_20,Q_orb5_10_20,Q_orb6_10_20,Q_orb7_10_20,Q_orb8_10_20,Q_orb9_10_20,min_active_Q_20_30,Q_orb0_20_30,Q_orb1_20_30,Q_orb2_20_30,Q_orb3_20_30,Q_orb4_20_30,Q_orb5_20_30,Q_orb6_20_30,Q_orb7_20_30,Q_orb8_20_30,Q_orb9_20_30,min_active_Q_30_40,Q_orb0_30_40,Q_orb1_30_40,Q_orb2_30_40,Q_orb3_30_40,Q_orb4_30_40,Q_orb5_30_40,Q_orb6_30_40,Q_orb7_30_40,Q_orb8_30_40,Q_orb9_30_40,min_active_Q_40_50,Q_orb0_40_50,Q_orb1_40_50,Q_orb2_40_50,Q_orb3_40_50,Q_orb4_40_50,Q_orb5_40_50,Q_orb6_40_50,Q_orb7_40_50,Q_orb8_40_50,Q_orb9_40_50,min_active_Q_50_60,Q_orb0_50_60,Q_orb1_50_60,Q_orb2_50_60,Q_orb3_50_60,Q_orb4_50_60,Q_orb5_50_60,Q_orb6_50_60,Q_orb7_50_60,Q_orb8_50_60,Q_orb9_50_60,min_active_Q_60_70,Q_orb0_60_70,Q_orb1_60_70,Q_orb2_60_70,Q_orb3_60_70,Q_orb4_60_70,Q_orb5_60_70,Q_orb6_60_70,Q_orb7_60_70,Q_orb8_60_70,Q_orb9_60_70,min_active_Q_70_80,Q_orb0_70_80,Q_orb1_70_80,Q_orb2_70_80,Q_orb3_70_80,Q_orb4_70_80,Q_orb5_70_80,Q_orb6_70_80,Q_orb7_70_80,Q_orb8_70_80,Q_orb9_70_80,min_active_Q_80_90,Q_orb0_80_90,Q_orb1_80_90,Q_orb2_80_90,Q_orb3_80_90,Q_orb4_80_90,Q_orb5_80_90,Q_orb6_80_90,Q_orb7_80_90,Q_orb8_80_90,Q_orb9_80_90,min_active_Q_90_100,Q_orb0_90_100,Q_orb1_90_100,Q_orb2_90_100,Q_orb3_90_100,Q_orb4_90_100,Q_orb5_90_100,Q_orb6_90_100,Q_orb7_90_100,Q_orb8_90_100,Q_orb9_90_100,min_active_Q_100_110,Q_orb0_100_110,Q_orb1_100_110,Q_orb2_100_110,Q_orb3_100_110,Q_orb4_100_110,Q_orb5_100_110,Q_orb6_100_110,Q_orb7_100_110,Q_orb8_100_110,Q_orb9_100_110,min_active_Q_110_120,Q_orb0_110_120,Q_orb1_110_120,Q_orb2_110_120,Q_orb3_110_120,Q_orb4_110_120,Q_orb5_110_120,Q_orb6_110_120,Q_orb7_110_120,Q_orb8_110_120,Q_orb9_110_120,min_active_Q_120_130,Q_orb0_120_130,Q_orb1_120_130,Q_orb2_120_130,Q_orb3_120_130,Q_orb4_120_130,Q_orb5_120_130,Q_orb6_120_130,Q_orb7_120_130,Q_orb8_120_130,Q_orb9_120_130,min_active_Q_130_140,Q_orb0_130_140,Q_orb1_130_140,Q_orb2_130_140,Q_orb3_130_140,Q_orb4_130_140,Q_orb5_130_140,Q_orb6_130_140,Q_orb7_130_140,Q_orb8_130_140,Q_orb9_130_140,min_active_Q_140_150,Q_orb0_140_150,Q_orb1_140_150,Q_orb2_140_150,Q_orb3_140_150,Q_orb4_140_150,Q_orb5_140_150,Q_orb6_140_150,Q_orb7_140_150,Q_orb8_140_150,Q_orb9_140_150
1,r1_wc0p2_eta5em5,0.2,5e-05,8000000,3,150.0,130.0,2.1053590479382898,0 5 6 7 8 9,1 2 3 4,1.7338370333409493e-05,3.629066123991432e-05,130.0,1.6515015739401642,0.00041020092517953216,0.0009331225432252447,0.00010021937492726928,8.210410129549928e-11,False,218.74679328659616,1298.2712718754071,85.66411843672573,72.87641113305263,137.04141710867788,60.225247394163425,218.74679328659616,251.86925823828946,569.1839324229059,405.44316682413205,407.7993641902499,59.42806471948865,158.89132518235806,56.29402661523158,36.47621685809501,50.91337617647758,41.85156322967918,74.75308791527085,71.86589379458906,79.99728799497896,66.0469960172463,59.42806471948865,23.54874423731638,63.297725782096414,18.096886507697917,24.03698434721768,17.42420353745377,21.29073034087292,29.580110264351397,23.54874423731638,26.666510394906307,27.058452217235462,32.895265187665224,16.57818889873243,45.09500973625287,14.006810518191651,17.510369683165116,16.490108775846295,17.788022327404963,21.801708250081017,20.965632315702088,16.57818889873243,20.294665397868354,18.725916355657557,10.28135872130879,25.3864216466697,15.305292193284183,13.50007822676866,13.18469592545355,12.08909049068882,10.562637796226598,10.28135872130879,13.125859128898265,12.822609817061657,10.570560844666076,7.945421893685126,19.956823869395667,8.34366823367699,11.63692696901682,11.563043182862682,10.186877299509218,11.098953415232364,8.919472492598713,7.945421893685126,9.077811070301385,8.761771177026235,5.814682335414389,13.821187861354495,8.583527483980324,7.9203019054373565,8.024076684139834,8.964430483837658,6.195956793549817,6.087279685545398,7.446416172592257,5.814682335414389,6.624490413356752,5.278377185524272,12.140767875250017,6.722615744184202,6.843720679020016,6.7263973777879995,7.130261553533812,5.5581927689558785,6.1255074114364625,5.487298708908102,5.278377185524272,5.5368732974027575,4.120977904833926,9.524791823303506,5.565900573897094,5.850189321148914,6.357191639259588,6.465644496261307,4.120977904833926,5.1969384680911395,4.4196056021337755,4.435909235270122,5.1560495401851165,3.0189400843496985,7.392477301126913,6.338570223532115,5.706708746215198,4.892709848876973,5.486165787947311,3.0189400843496985,3.6717699787830993,4.715123938881748,3.6781041920893376,3.4812552496843474,3.0149495377480444,7.80396939940613,6.723928257108384,4.248749681605139,3.8044805791792693,5.622010114446785,3.5859664343921236,3.4194692337687056,3.519831390733328,3.0149495377480444,3.267439824447228,2.3606163712967403,4.96400858410147,4.366102520497785,3.749819332959039,4.569650790263298,4.640248106548982,2.731533443091005,2.6985819114857303,2.3606163712967403,2.434398282122341,2.7685117988954393,2.1053590479382898,4.812760213679731,3.865177013595708,4.308709721759763,3.193970688011804,4.011445367706298,2.8875538703329298,2.5806364421968677,2.7253324874069853,2.1053590479382898,2.8731533957283997,2.142285892281103,4.129470940807016,3.5269891299610117,3.0544803538539522,3.554594053307456,3.049229147883112,2.294199139283435,2.628024035427863,2.189925269624055,2.7193871615896503,2.142285892281103,1.6515015739401642,3.3307340740577973,2.9905675537239436,2.4044891262557693,3.2015922174255578,3.8408447794389686,1.8109340150737803,2.215666155539453,1.6515015739401642,1.729277870747019,1.9793280860611693
2,r1_wc0p05_eta1em4,0.05,0.0001,8000000,3,150.0,130.0,1.707767990693404,0 5 6 7 8 9,1 2 3 4,0.00010739471154198424,7.806978029310698e-05,130.0,1.3418119895391858,0.0013365059683991256,0.003530348835663979,0.0005002731649755984,8.130385253934946e-11,False,228.84882721403562,556.7837919185315,126.49569097029902,100.57897175922676,141.08875602817758,79.86198063588776,330.23009000296304,380.096470443722,228.84882721403562,340.44220275925136,477.58986773340547,72.01083706754369,181.97648299820236,74.24878836495512,63.93754013674658,59.09423048030748,49.80347372936166,86.3169248555868,98.37886132567478,72.01083706754369,73.40838796430307,73.27108250015037,31.438493892931255,66.54179564924807,25.37967764057028,28.370655430656548,24.56704520381412,23.436805735045155,38.581857870865406,31.438493892931255,37.07765864234822,39.20213788338325,37.86026452239894,17.67222136686317,41.31227777877698,19.640020638051478,21.98933969643561,23.03915142705131,18.698435051549687,22.81484118055523,22.265727269601893,18.65201937155822,19.305424659861256,17.67222136686317,10.380887437414271,24.023630032490782,14.642330758757895,15.885326363436066,19.299466723796737,13.926807635861609,11.660534673703946,10.380887437414271,13.646600353053644,10.464057559282322,11.563424455230075,8.155420114126155,17.07336015632577,9.747409723357451,12.415249762424311,11.51616731351584,12.023597931460833,9.92585415700922,8.601371558099386,8.155420114126155,8.503858304200172,9.509380578789747,6.082903108668426,12.16446736894557,9.432203863644627,11.895526554093264,11.845769121425777,9.146856514341128,6.2876491193671935,6.404573509888256,6.645614310956563,6.082903108668426,6.816809550114922,4.671067040748372,10.402333964349259,7.945725813105828,7.752462172858619,8.258813506641632,9.584661240563628,4.671067040748372,5.345627530375092,5.944198005871112,5.038042493340293,4.735923807172278,3.716205874709204,8.709968028754025,6.317634242186088,5.9877771905450805,6.602910038559945,7.4937626030815085,4.469874304089247,3.716205874709204,4.739395949516757,3.970963096018656,4.764741888649228,3.4904735241684666,7.371087200720726,4.854745621726772,5.6074990101224,6.083371346891164,5.632746661043229,3.6529412628618325,5.096094600535168,3.5853741354591566,3.4904735241684666,3.9555780820539277,2.783671761114807,5.520496194800233,4.770137485477258,5.29229801077943,4.824452011003519,3.6751217008271957,2.783671761114807,2.8400690295773607,3.1636165417426834,2.8359855335954305,2.9172885696595348,2.2172029786120833,4.711880998811271,4.2664138808750955,4.39122890561034,4.065925250226339,5.926883798347464,2.3897633045730484,3.3240172641822827,2.2172029786120833,2.4346996190153782,2.452879498749549,1.707767990693404,3.96606888607163,3.529950947053752,3.309674839825022,3.406522445516857,3.619808075303035,2.4070747859459667,1.707767990693404,2.2359726387503103,1.7254150812469335,2.0577129722637046,1.7539749815456147,3.140121572659484,2.740287270924779,2.6078922101168676,2.9000683351815546,3.139508992776988,1.7927919289614607,1.9074129659098178,1.9600667981355961,1.7539749815456147,1.7552946298402867,1.3418119895391858,2.0665773026484326,2.4048367766018632,2.029586962016199,2.492123230394939,2.3799164410521563,1.3418119895391858,1.78047370617738,1.5886450867585897,1.3536623376673307,1.4754832203670263
3,r1_wc0p5_eta1em4,0.5,0.0001,8000000,3,150.0,130.0,1.5490423368102788,0 5 6 7 8 9,1 2 3 4,0.00010812256316803951,7.585723443685571e-05,130.0,1.0438599373089779,0.0012805988413673696,0.003913816877221263,0.0005244054165191801,8.139799945183768e-11,False,222.43193208129543,734.1612416693943,126.06367187980995,71.75592630662608,132.18052832469067,126.1760186100157,366.27842959942836,376.57994259559365,222.43193208129543,320.3163707233412,263.282993982606,61.804036630234776,141.6606753785379,53.70812552731707,62.533949969962386,50.85729990779866,47.80383280496305,88.38256994848918,79.53106520683309,61.804036630234776,62.78470911143555,80.32655520555262,30.982943187168846,87.4130332163179,29.31892026739254,31.239030576116978,29.993294083706974,32.97344838233851,37.14616405168684,30.982943187168846,31.09367531737726,34.91067035767691,34.601394851288624,17.71711496174961,49.52917648871003,22.519594113613238,25.964986869637816,21.433458868113533,23.593998462592893,21.897544718760972,22.100906687125555,22.615716063527643,19.571130571660735,17.71711496174961,11.697544667373904,29.85542138254178,16.568649831972063,19.898155528503352,14.097611785551438,15.18605886132876,12.918621671742272,14.602072260004766,11.697544667373904,13.544332645627543,12.261093762387281,8.193332166886274,18.21592422696726,12.255099159946461,11.994738105210942,13.532626652107592,10.559491643409618,8.193332166886274,9.608640725345907,8.275387014731105,10.322448081842696,8.856088720832819,7.033204128465717,14.228121727997141,8.733725935660969,8.867086410312487,10.783391417553988,9.596755002357892,7.99123179573944,9.067359397643484,7.033204128465717,9.008046221789469,7.359380580811865,4.740537342965889,12.383640517411909,6.799620223456788,8.644876743886401,8.452804984092428,8.803577377599968,5.520805748137063,6.671147139018953,6.404055282792599,5.862648296647045,4.740537342965889,3.689160566953885,9.700531241580038,6.432292386243278,6.74847377813414,7.6925468200042895,5.8083236456152045,4.342353316643327,4.656647023539619,4.282119359086486,4.118447253659234,3.689160566953885,3.0399173359001557,7.071317739122272,5.184781135557311,5.2533628651440285,6.465949037713599,5.530197435884133,3.0399173359001557,3.504061487151312,3.8606401559701635,4.980034811185292,3.23608069257233,2.1453076435583442,5.40169424166083,4.314372637116797,4.161399908871832,4.757555058746031,5.498979667474216,2.786210408334103,3.4098919054513104,2.767121767122391,2.1453076435583442,2.5958078812717,1.5580538545506792,4.066882893984297,3.5134888150515757,3.8642227591606515,3.769707101642193,4.610347754797357,2.49485678846781,1.5580538545506792,2.3326716782355423,2.0782743332027462,2.4098900697846712,1.5490423368102788,2.743271356875964,2.5313373927141885,2.846921740673758,3.2603639735030874,3.642405428832636,1.9087581926582446,1.7323920870372953,1.5490423368102788,2.0370264230944812,1.5959618212658997,1.1791548479794376,2.5993070033871897,2.203071199018627,2.3184603858120743,3.262094295301844,2.471639945937609,1.6486643095514402,1.6756311759807754,1.2869860342953803,1.1791548479794376,1.68847195344402,1.0438599373089779,2.164643527721752,1.7258300185314632,1.4884589037820424,2.0707287321439423,2.084886711751129,1.5034242698042717,1.4728673655683184,1.2611520749021456,1.2224208369727632,1.0438599373089779
4,r1_wc1p0_eta1p2em4,1.0,0.00012,8000000,3,150.0,130.0,1.4657935368182227,0 5 6 7 8 9,1 2 3 4,0.0002121373694489296,9.002796359089217e-05,130.0,0.895676781691916,0.0018231223430140552,0.005846470347760411,0.0008865172346223514,7.979039651218045e-11,False,307.70660009267914,827.9375602266838,121.70564123755948,135.48571848632798,175.80290305209712,191.1964706126787,377.6595841093932,347.91480301199437,361.274992455275,551.4284713550214,307.70660009267914,56.47956948828734,176.04794452350973,61.91665940934531,80.52988784049482,61.85569223449042,49.986086525961746,75.95042576197339,86.51458296176263,65.35442171611678,77.55263694792545,56.47956948828734,32.35566658135141,70.21481816347016,30.397911090661015,25.53390450164131,25.948557750515285,33.592299193464356,34.33441021225153,32.35566658135141,35.58090316289731,40.284814720240476,40.423146185729316,13.667754214187687,47.37216513570374,23.377999464189358,21.91591059649069,19.569817326326596,27.841516400711456,19.74521413046102,18.802684785861164,22.68849529527327,18.749567055118327,13.667754214187687,11.465865720185738,28.422714012479847,15.390834881290195,16.725391899692077,15.00980465826972,20.300724064444896,11.93633461681651,11.465865720185738,14.45858069903283,11.932682094252582,13.380535590588751,7.192493755945741,15.946039801165195,10.69015615116106,11.382932328975441,12.111736914060263,11.18576554354963,10.186111366466728,12.22693129002217,7.659822065856715,7.192493755945741,7.3292572302711205,5.6663127861330045,13.051670780391417,7.906460796590862,8.734068231341809,10.740108021500651,9.819567680015034,8.508776116758497,7.2813911951849635,7.0753407187266655,5.6663127861330045,6.440442496952395,4.181241773539441,10.82717562000117,8.113489700713815,7.864998799346661,6.9399508475545115,8.86390128602728,6.241481931254024,7.730774428289784,4.843878801558205,4.553716513147664,4.181241773539441,2.7165658375802435,6.6996090623442965,4.6279730585284105,4.6119836308187026,4.266322876493394,6.338493361355206,3.919009518109591,4.783614540091694,4.154012103322065,4.294154819375156,2.7165658375802435,3.056018651903947,6.209545277946314,2.487122396542063,4.517245042370559,4.983188783021225,4.4247799538345545,3.693021787636395,3.3756920597932636,3.787166945128771,3.336055754510088,3.056018651903947,2.204664563790334,5.044265373469646,2.3887304745161866,2.706750799475565,3.3230766897634605,3.4999619575329626,2.3776217021914374,2.659344212389975,2.9713998092442573,2.204664563790334,2.3662304356069157,1.4934920242523075,4.082822532611985,1.7309903649232947,2.2561937692594034,3.4416953733269255,2.7715561546444767,2.5614977740061273,2.4672759612280197,1.9838876335495326,2.206587877482405,1.4934920242523075,1.4657935368182227,3.853858797916559,0.9270021676743619,1.9632659302790147,1.9206701628576528,2.2232280555778137,2.11871729014455,1.7927260000972203,1.4657935368182227,1.5952135231242024,1.9181012708608562,1.1843401377622371,2.39490025151292,0.9593774504935446,1.5076985300415064,1.958611147000291,1.9800390024795351,1.4585043112821445,1.6914175880326956,1.5896570527890765,1.2044366914459719,1.1843401377622371,0.895676781691916,1.572537455446471,0.8328122104396968,0.9772487866836262,1.410880231492353,1.3833977859057884,1.6217101036405326,1.196849712707034,1.1129509415626364,0.895676781691916,0.9768626537377021
5,r1_wc2p5_eta1p2em4,2.5,0.00012,8000000,3,150.0,130.0,1.3006724132355005,0 5 6 7 8 9,1 2 3 4,0.0001734993978856636,8.255166941905859e-05,130.0,0.6828259538318813,0.0015742019897179542,0.005059411046500385,0.0008201481736565111,7.981881822161085e-11,False,265.0641918873163,1176.681664597603,80.08499161102954,122.43985594501774,75.67667450025817,151.7765867307186,409.78534794580975,289.72746208993294,542.0910973795983,334.0657064622035,265.0641918873163,50.990246260850036,177.69606306678494,76.42223998018643,82.44804856059918,64.21347152366296,76.73253961232477,71.2017755256415,73.26579369207755,71.52159162619738,70.11482393210915,50.990246260850036,27.67195361257153,89.98596536888324,24.025188157510502,23.37574678785814,31.072405192195486,21.19016481522685,27.67195361257153,39.343443869830665,33.01187593592169,40.651213601402944,39.063060808912745,10.200411839237002,32.311543445268434,13.45236076973661,16.77896238525888,21.021116770062726,23.479377881178973,16.656723674824043,17.963838788033943,14.637062549670807,13.914397114664412,10.200411839237002,11.017812414887166,28.97878074379547,7.745495265238647,10.142586332944486,10.759613819365493,14.528376669675591,11.825461547429557,11.017812414887166,13.617896334478496,13.824987209589953,11.12551265345956,5.71045595609715,17.1047628267779,4.83889796156898,7.986486801687408,8.722349908007118,9.219027330617005,9.471951318514925,9.830639084333193,9.583818937619615,5.71045595609715,8.640160888283438,4.518741789026888,12.621189195017395,2.79435370222622,5.153196656908134,4.209204840401358,4.9409520611202655,6.798312870409942,6.736483546842937,5.909147050164922,5.202994555348161,4.518741789026888,3.0444226812617003,9.303459212266924,1.6316163033157751,1.9727125658727163,3.2113067470902763,4.07295805498581,6.667960131659288,4.54688854684781,5.4036487466546665,3.0444226812617003,3.3433370540784453,2.644084805017335,6.239428259563428,0.7844508451714446,1.4141959275135165,2.5682199350818475,3.7541425532173887,4.655303489781862,2.7807149658652683,3.297947029237844,3.1096597228866756,2.644084805017335,2.0334577282941875,4.943901018221383,0.7028525817398895,0.7987883656559228,1.7667804048716638,2.7658551201730193,2.657370765970304,2.4573479642812113,2.774345834969695,2.0334577282941875,2.294670871292497,1.7498695326925566,4.6329164785581085,0.7264066379808126,0.6784547165871753,0.8493428830280761,1.9528299856510196,2.6772694801951133,2.3486495918143344,1.8264190600906027,2.745348893623726,1.7498695326925566,1.4244266838028397,3.3576962211561714,0.7190167154494346,0.6945357981975664,1.1019935449149043,1.2260947175393924,1.8696542764866588,2.3218308453937246,1.6870452314211015,1.6493652503869238,1.4244266838028397,1.3006724132355005,3.563808364428532,0.6444525449904811,0.6774954097287692,0.8055055390378565,1.3540317687402632,1.6786904627210661,1.5190432978252066,1.3808908127976185,1.3006724132355005,1.3508316257231716,0.7545693976736894,1.7845403523591807,0.7983874166897375,0.5214999161434731,0.7119335200658022,0.9972792535090726,1.2726646536177935,1.0470303235395706,0.7545693976736894,1.2418909599054375,0.9041606012142904,0.6828259538318813,1.7549345242106025,0.5311618671738862,0.5334090262483262,0.5910550457284791,0.7864191435797929,1.2439256184888248,1.198859594593909,1.0322157149583833,0.7476078969954223,0.6828259538318813
6,r1_wc2p15_eta8em5,2.15,8e-05,8000000,3,150.0,130.0,1.2789415664711945,0 5 6 7 8 9,1 2 3 4,5.991042679931121e-05,5.353807045195367e-05,130.0,0.9139277218561402,0.000759732547549788,0.0018347115855341677,0.00028719305851760004,7.400569046467353e-11,False,278.3194570094844,821.3842339566902,68.38038404657586,152.11084027397592,86.26912951881656,136.2655672598801,436.7944566001347,419.26061420550263,403.0377360854193,411.7124331628799,278.3194570094844,42.9728542461253,148.63961041931336,70.00307458373949,52.57026325051357,61.40608872079843,64.85517622507109,88.1887594566797,68.77584865624524,51.91289654640877,42.9728542461253,44.033727590808866,27.313786608869815,65.26400662748001,18.142838536146964,20.460935063462696,23.337150688599074,19.70844175992835,33.74915227020785,29.74502317687921,30.982595163943746,27.313786608869815,28.018792446332075,13.485302131827053,28.024721307218606,13.301578269085585,15.609105923260863,17.509200666999842,12.06272477625618,20.76106459794309,18.501570827401743,13.550418782208409,13.485302131827053,13.655167612906487,10.023787630307933,25.47438899540434,9.41831446461285,9.645674429520295,11.579348084504234,10.578040508867236,11.981846604830018,10.023787630307933,12.649408272851122,11.005572589198415,12.732865387922432,6.978135792198345,17.42101972492438,4.70817923161006,6.018414087532867,8.419266324262557,10.80426641813053,10.421033110015285,11.021909120523517,7.534466618520449,7.513708081038602,6.978135792198345,5.982134350345118,16.19795521776936,3.040333537032504,4.339890656164615,4.147590489293182,5.86031425353719,7.12330076500051,6.4930068166482835,6.092241622046117,5.982134350345118,6.975903133664414,4.024894283674418,10.008570662675641,2.037242402925133,2.427734366531815,4.359883812766722,6.026807425073711,6.5808539643102835,5.360583935879028,4.494632084391935,4.024894283674418,4.51035336847951,3.025452992277293,9.029625989897678,1.0855963870825827,1.8687745136957858,3.038984660655261,4.029814861610218,4.503281048960347,4.6465719946026285,4.213448192455992,3.7789041323250094,3.025452992277293,2.7738890413895296,6.563041288941818,0.7658371414589512,1.4156410166958786,1.7049029858464433,2.5801676302768346,3.1026378876503102,3.1139140735300903,2.7738890413895296,3.27860016704424,2.9949465271507187,1.8030742214561881,4.9104966315186696,0.7776517451512818,0.9392111534797362,1.343227851911029,2.0958245020180417,3.2833237839243976,2.3511183265646522,2.6654084413614973,1.8030742214561881,1.90834239982779,1.6966099863907707,4.050559240841422,0.6469663937264657,0.934647817691934,1.0114793049701303,2.070331823880917,2.2365435595443452,2.1840059682019484,2.069580795935776,1.860184857516877,1.6966099863907707,1.2789415664711945,2.810672787655833,0.5788966462571946,0.47582579746463466,1.0559525957342746,1.4294784294499803,2.0983298401870556,1.7058407968017963,1.2789415664711945,1.2802621944382373,1.837733113490119,1.0332473527871342,3.039958576271848,0.7372147710373133,0.5711571538240209,0.9853323501396336,0.9797433255168525,1.5958347530572126,1.789442352998466,1.406750143841635,1.684639104323743,1.0332473527871342,0.9139277218561402,2.2779457145280855,0.5802211958568179,0.6799003000399094,0.6597297881160185,0.8817484007215173,1.3286716491808324,0.9139277218561402,1.167618563045943,1.2120705195521515,1.0943363340360794
7,r1_wc1p5_eta1p2em4,1.5,0.00012,8000000,3,150.0,130.0,1.247907328669899,0 5 6 7 8 9,1 2 3 4,0.00020899162233859253,8.725789280804633e-05,130.0,0.8004120991431068,0.0017339393055690602,0.006015921942280504,0.0008176780609209177,7.985878625049736e-11,False,247.44327960716413,588.7845145050107,249.33756276067595,102.30426051190425,119.86437302147034,256.897921485153,371.057298624184,247.44327960716413,279.6196964342522,317.6948600410933,260.0603313801539,57.213556121465615,159.14414903748263,53.095842087653836,86.51848366799612,83.89335205551785,60.53276353527977,78.64418199684393,70.66467091873866,75.31050300623916,59.24874560335162,57.213556121465615,30.466612643267087,66.66738443491415,25.790499196151732,28.27369526338221,23.130824341981747,26.2574570583429,34.721676755171224,33.164451670528585,36.4894553838506,39.88747042348657,30.466612643267087,14.829848400334091,42.56728094117068,23.510317622781624,21.673199482359216,17.94079534446196,22.846166237469184,22.47270648471913,18.740754849557437,14.829848400334091,16.09038517445902,15.011017341797507,12.179279323762557,27.999203373192614,9.19308481267086,11.796091001900592,14.454063227011272,16.71159193602102,14.801534022188095,12.87916103011631,12.179279323762557,13.41212272125755,13.067192621418657,7.8316930443185635,18.625170769279244,8.11616363313747,10.222114237163504,11.247498877545354,10.89130780050255,11.653066928063634,8.67805679945887,8.966032645844042,7.8316930443185635,8.583183478742315,5.098507673990999,12.537206460613346,6.930104223844364,6.935055456243593,8.373179186637227,8.205098632247507,7.711836086791895,6.16330166193561,5.786189615902996,5.098507673990999,5.305120255689794,3.6458874956557814,9.309968961541465,3.339196598724996,5.502132432790483,6.730187459701878,7.62245030730881,5.015790407284148,4.994564016372614,4.72139341118565,3.6458874956557814,4.422952883757467,3.184083732672897,7.107375056956624,2.6373709357019512,3.701162955191137,4.832855603562471,4.60043996595193,4.503555389429779,4.055686122437857,3.8654046957217325,3.4846119349915234,3.184083732672897,2.2223452292094446,5.310445593455363,1.715962657537829,2.444785122957375,3.633546481304039,3.244994118102482,3.1419335196439557,2.6213372248903597,3.1017164092574494,2.851653568547493,2.2223452292094446,1.789651916667887,4.567052961281697,1.0442040831728407,1.9123170865249772,2.201027280398514,3.2782884374267565,2.3556650033816973,2.456557146889986,2.4104138570785847,1.789651916667887,2.282650271507491,1.4906714217773018,4.271792486517706,0.8203115270741316,1.348261409023961,1.414013277429801,2.412259405626436,1.5167203093833195,2.256771683609677,1.677663307801639,1.9272971904945937,1.4906714217773018,1.247907328669899,2.8936721831122987,0.7962465295696189,0.9004587017915996,1.050183219514866,1.6939626866699098,1.7102858444389872,1.3562090285487318,1.247907328669899,1.5464518941629164,1.3294957871644453,0.9643091094249712,2.1587616834123153,0.5822522224302167,0.9162386118231541,0.9738705257727032,1.7639759352801885,1.493500933701755,0.9643091094249712,1.4150423509799699,1.237375991755256,1.4243899998056846,0.8004120991431068,2.4204312455992634,0.590059853626625,0.6830225266909311,0.684172486821526,1.0757827368489874,1.1669021297484308,1.062714938207591,1.1126402837643157,0.8004120991431068,0.8649311582356709
8,r1_wc1p2_eta1p2em4,1.2,0.00012,8000000,3,150.0,130.0,1.1238174200570403,0 5 6 7 8 9,1 2 3 4,0.00020809596810103038,8.895887968143175e-05,130.0,0.8216315846479546,0.0017731168439704085,0.005687391937758713,0.0008158795232868076,7.952660752152951e-11,False,200.24724650323708,393.3802484047031,157.57366618296066,138.26880237263222,132.04302585890665,154.3972849180335,312.3150087696311,282.64045868431947,200.24724650323708,236.71951644402634,418.05625873990977,59.97199848819676,157.2179880565946,66.92140231849852,78.86308095563608,69.95042438158562,71.06016582029557,65.34029758202598,85.1616505297881,59.97199848819676,69.53892206055848,72.04112867564793,26.417401616176818,86.9574781409112,32.022154007788096,30.800183670626907,30.387280993826455,26.145597966720747,26.417401616176818,41.00139898471528,34.968541333896205,39.94194532274706,34.41535661147702,14.511416494635359,27.0651429655062,24.54467458337645,17.562013622874336,21.13665015960084,21.414271641501806,18.38990725972771,15.796860214649548,16.20253927491361,15.405687698067513,14.511416494635359,11.554619630772004,30.21669148852812,13.76906930308166,17.796913567435755,14.8389224538606,18.370468929313013,13.465165983243033,11.554619630772004,11.695269481832359,12.856990266487738,14.326356510461355,8.236480245846055,22.53771742317968,10.553385460261419,9.676170511165505,10.652653142529465,11.379344507786028,8.511082806218127,8.894730747230327,8.236480245846055,10.45095151648509,8.998438183163108,5.222601085185378,14.009161105468324,9.143237966707481,8.53466472894774,9.38718897758018,10.810037559747684,5.222601085185378,8.041088710221794,6.718283460488323,7.679272136729508,5.8226067084327955,3.737431040237878,9.994412881897762,4.990708856698246,5.440441819068489,6.660699177994184,8.873842106766908,4.73436574961419,5.013340717688782,4.782659121297525,4.814441600731876,3.737431040237878,3.4613724054667094,8.057033768111411,3.364357347842809,4.64768603446458,5.414954369932902,5.811121589848659,4.0803801098412045,4.020012906972304,3.765895808317228,4.602424681584977,3.4613724054667094,2.4282037687104157,6.316476256351324,2.4582059853720537,3.20166139115509,3.0540118695245804,4.534870549462976,4.1942271516564,2.4282037687104157,3.4283851415957844,3.3961195511502824,2.572711791375884,1.8991568900699891,3.8286722298570046,1.5912615098440084,2.086811654488121,2.658919263517005,3.8516738754526276,2.8530351689730167,2.1790958553248383,2.2899931972745198,2.240352182949918,1.8991568900699891,1.4863611056735506,3.3091004634939534,1.1602270617618966,1.8833698004196022,1.9207440025991225,2.358614869755895,2.2666863947513005,2.1713712031412022,1.706053784179582,1.4863611056735506,1.6492151563838298,1.1238174200570403,2.9042364192802346,1.0692151436749282,1.1721523960568805,1.5396905557734206,2.5276347586064394,1.7950572415186585,1.9919646499238979,1.9600308695181141,1.3425034415886803,1.1238174200570403,1.1891630531779764,2.6665174855415965,0.7423823050494526,1.2177402839075062,1.283065602609127,2.283903979979022,1.7039973021632482,1.7469210262131245,1.3345405254921334,1.3322700656173339,1.1891630531779764,0.8216315846479546,1.9357811141484789,0.6191620246440336,0.6345734221101954,1.048872196672614,1.6635256816119268,1.2253318707446588,1.2061783108410324,1.2933517413595021,1.124931013862915,0.8216315846479546
9,r1_wc2p0_eta1p2em4,2.0,0.00012,8000000,3,150.0,130.0,1.0398430519747404,0 5 6 7 8 9,1 2 3 4,0.00018429208401148493,8.482970999394495e-05,130.0,0.8026374352088662,0.001641631116924771,0.005380093614713727,0.0008298826391519496,7.954792380360232e-11,False,190.09393225660577,741.4402688542119,98.01051301271306,147.09466546566478,89.81809163430883,130.89513332088237,480.10190615396675,263.0131501964206,452.1008630293851,190.09393225660577,293.15829487908456,58.510395990075295,198.88557813043806,52.91129224643013,80.42369819604353,55.618872361270064,43.100588256915245,99.55881420674065,92.3931066115242,75.78511896052837,72.36826690476246,58.510395990075295,31.524476578792093,65.64857835006342,27.754081403001283,27.674232952490403,34.13877443019141,26.57317894596527,40.06522728444197,34.45820835943518,35.0984651539568,31.524476578792093,35.031824102681774,12.38090672530246,41.96876624548851,19.455414557924204,18.549837475615924,22.613529620994367,21.09523123745533,23.871806542479877,25.21657799652953,20.41550262025885,14.388404512736013,12.38090672530246,11.305947250162221,28.963287543175355,10.087761238669776,11.878336722574556,15.982518907198868,15.653752295868571,11.495756242674092,12.881144219836434,16.465552571085357,13.540590497333953,11.305947250162221,5.94411397245907,14.971860092247029,5.869268354447637,8.586975357267338,11.866289696762042,9.235025869653194,7.518267611901549,8.701866102637405,6.698579670572712,5.94411397245907,7.570785710541021,4.972369271300875,16.654900164678303,3.3824517001692316,5.0381602347011105,6.362849716638183,8.524159074717,6.146523182959658,7.640007787543679,6.924577706239199,6.376372430981843,4.972369271300875,3.6417757537993873,7.917891903935557,2.924567297546852,3.9762957241143457,4.094809229576008,5.642944669534335,7.063926831359748,4.223386732543576,4.317096060536319,3.6417757537993873,3.8718689305888723,2.940966270131631,7.320841768866591,1.4937977053564166,2.673706622135009,2.857377704853086,4.345647332501218,3.782853423134256,4.157093822126304,3.30422670000725,3.5930520587813315,2.940966270131631,2.080531847498613,6.12081198058537,0.8304427292001318,1.478718855137867,2.137530781638279,3.318117486698605,3.221369800472979,3.2622581274632636,2.4160466595182393,2.6541146765235335,2.080531847498613,1.6563673578460363,4.0083889156385855,0.9607904769188063,0.934296370744995,1.4689647007845545,2.725974979167866,2.386020461416689,2.4223078613517286,2.036621367173637,1.6563673578460363,1.752279258788361,1.7852069525988368,5.301707509431724,0.36259494634170025,0.7031382379004137,1.0110565046359048,1.2356990159676045,2.5140655925839415,2.199964955215525,1.9058984459050445,1.907645681834264,1.7852069525988368,1.0398430519747404,2.6228005055631756,0.5602503096295206,0.6352464639305364,1.1149420097393052,1.4795334728513116,1.8450226746408223,1.3433142972991627,1.200489111706164,1.2154221437729595,1.0398430519747404,0.9596586523708194,2.0479290291212,0.6612573018683195,0.7144240530104866,0.5784432878597184,1.1563338277464168,1.4795567508348595,1.3214561734871277,1.2510175523514175,1.1565665333186863,0.9596586523708194,0.8026374352088662,1.7119113556361472,0.6860899625845259,0.7118791261426349,0.48889106180456443,0.7187926407105393,1.2695208466859793,0.9805573445309909,1.2426637926337918,1.1700474976136475,0.8026374352088662
10,r1_wc3p5_eta1p2em4,3.5,0.00012,8000000,3,150.0,130.0,1.039820482490079,0 5 6 7 8 9,1 2 3 4,0.0001793643337362672,7.858278034496546e-05,130.0,0.7950361685882328,0.001568094374963151,0.005410876997389221,0.0007825346548434723,7.970513138388924e-11,False,245.36922226255047,763.1537906566831,227.07526086917895,119.78602656179378,158.13812271904405,136.81261460564167,321.7931942606093,310.99674465019734,484.5773329587286,360.6439933521946,245.36922226255047,36.514246991206036,131.91211009025028,50.73962671066813,68.8201567465729,71.07467189647343,83.83682457866014,87.83046055313267,63.42844141209479,63.47058818058169,36.514246991206036,38.84672342690456,29.157641382818934,89.76237788106836,20.061699851282132,21.93211035384182,20.206982954603465,22.510483269334493,36.745787600073655,39.0581680889616,42.42138619072974,41.379216783651444,29.157641382818934,10.187515413857938,33.21900642995659,11.828291045875094,13.483595554812885,14.717814759557674,16.773174515210705,21.25199663878736,15.083416382491468,12.853079399692023,11.631280520291801,10.187515413857938,8.570852322457155,22.487439140312247,4.129059549789527,6.945328539215435,8.152196185289144,8.836633911393863,14.857540100840593,14.399561929465023,9.780978593143628,10.01793114854812,8.570852322457155,5.425535927229109,17.611450888288637,2.1719472156035664,3.837943839973301,5.1992206625044,6.027000215036723,9.458224698002178,7.292768752990904,7.126101568531831,5.5624079679397305,5.425535927229109,4.10633987061659,11.623948383760712,1.347013542600964,2.0492361236863927,3.0531795707642932,5.438080406286751,6.901920997649235,6.828472461500911,5.9230453594396675,6.027997164115814,4.10633987061659,3.241949292347199,8.912467099839647,1.1519886786725726,1.2530889280958124,1.999485944381351,3.1465288342873206,4.905802874377338,4.58766791813919,4.89207470275179,3.241949292347199,3.3545243361951482,2.939968306157412,7.081135141609187,0.4756739064612165,0.9601022625175045,1.134182973103052,2.2685586733054564,4.119693511385003,4.443067288438106,3.0770579053881266,3.8208984572937137,2.939968306157412,1.7267644108305715,4.9605645775049005,0.5623364615279982,0.734356083757872,0.9440895369484078,1.7722059488107416,2.915622201172536,2.490470994572716,2.4987628223307317,2.2892985044550125,1.7267644108305715,1.5210939033577962,4.074908199885653,0.6034835739795751,0.9023602553456918,0.8957074354277615,1.7034447815057048,2.1327747220543993,1.9729238182658968,2.240973803536029,1.7146804658514554,1.5210939033577962,1.3087139315095189,2.9490477896391805,0.48188342505504145,0.6157709105456723,0.7759280104086591,1.0791483227783343,2.4499868661267072,1.396175457136961,1.3087139315095189,1.329921726362804,1.7402475451843957,1.039820482490079,2.538097580166927,0.553516245923788,0.5594526235348491,0.5167661297981637,0.9778455920495235,1.382106438928706,1.4469352295606719,1.4145289296453807,1.039820482490079,1.1837628195410455,0.9677793375027938,2.0754525659919465,0.5755762702517617,0.4799705799101408,0.6338749752243509,0.6572642933069631,1.672656057086281,1.0915184193900154,1.011247488616005,1.6778405743824656,0.9677793375027938,0.7950361685882328,2.0709932945751945,0.6815140353156667,0.5627959648801121,0.6214626091829989,0.7625880456512499,1.020577379775338,1.0969788822121407,0.9901486721152627,0.8908705183162907,0.7950361685882328
11,r1_wc5p0_eta1p2em4,5.0,0.00012,8000000,3,150.0,130.0,0.9396967676784482,0 5 6 7 8 9,1 2 3 4,0.0001907150537350891,7.398324367278265e-05,130.0,0.7970375861186288,0.0015278039885544988,0.005382210810103526,0.0007459007338523816,7.956657555041602e-11,False,256.0591048133522,747.324587911287,95.39508972385879,106.91622272639299,132.31954114562888,115.80129851120728,471.7741210368408,285.3749538807613,291.44188327509204,386.2780676934368,256.0591048133522,29.541036307758766,147.67273248173527,79.52661379586814,95.87884660580667,57.94756238335273,62.82117956631671,98.48339137486514,82.64562769850278,48.032760663967416,43.687319882522665,29.541036307758766,24.67014386857715,69.7439265108294,26.281568833044215,15.663184608033143,18.09478850333757,25.086423525530208,37.73944419470209,36.69960683484466,31.688594733595743,29.86803208455927,24.67014386857715,9.789386808328675,33.50575743077108,4.429093305132724,9.021141637847498,10.690041991339925,16.596228844173496,23.650943138339155,19.166958770744156,12.30907711016169,13.300455264513259,9.789386808328675,7.146744142296526,25.598890443467248,2.2005477192250065,3.6152615886676682,4.651705207874803,7.36492374854629,14.100740673373132,10.547754932845745,11.67705860775441,9.310834971050454,7.146744142296526,4.637185539930533,18.243485531424373,1.1268212810740827,1.5137411397539247,3.3763612810689394,4.4506582372876045,11.074972101099247,7.9375918894491955,6.160698661791196,7.864652304435162,4.637185539930533,3.1588606380192665,11.786818859638917,0.5992101179614338,0.6974582475048338,1.8795798356964875,2.856089464980395,6.853314570520934,6.447021860533069,4.5604788831423635,5.085705670053813,3.1588606380192665,2.9041783051560093,7.273813505895129,0.8141357344971192,0.7884241171649082,1.0462305806019034,2.3860061241606494,5.491716144942013,4.622188284689632,3.3701965891606056,3.4524838866297833,2.9041783051560093,2.004433864221978,5.945970336422516,0.7104372550226586,0.6338357068266843,0.8819742778743969,1.6980163374190695,4.005410179179885,3.4476599214050334,2.5283745017588646,2.6614629608752787,2.004433864221978,1.835152592885992,4.549365149806852,0.6660117467172926,0.6740884198069005,0.4514781014174235,1.6526287921566498,3.2401771947007556,3.0572299350692336,2.1683248433511824,1.871816835831736,1.835152592885992,1.3491752316825631,4.152051917003397,0.7438495342241364,0.6095621810179148,0.7241117880563257,0.9743929315259271,2.702988849054,1.71286111319573,1.5507120520271087,1.723750544393907,1.3491752316825631,0.9396967676784482,2.793996200745441,0.494305503967778,0.5350809074526146,0.37975352363308484,0.7746501098404817,2.062888061368454,1.4678794492669813,1.2985975266283785,1.5864874335055095,0.9396967676784482,0.9853436669084664,2.343036928263569,0.6518597663415229,0.7420449535245377,0.49110255117037194,0.8254445089370583,1.6414265194397553,1.6584247215999794,1.1454560071455298,1.0550359567016347,0.9853436669084664,0.7970375861186288,2.4543895144015346,0.8424805187532279,0.4666618370141954,0.6312150646944263,0.9979825882674925,1.6911056833887474,1.4498305772173437,1.1282692329460708,0.7970375861186288,0.911423686549266,0.8203736162707492,2.230940301229854,0.6945673440667378,0.4639270424916319,0.5150668171709384,0.6782949576222522,1.0843803092983377,1.422152935389135,1.0212321693298498,0.8776470273117007,0.8203736162707492
12,r1_wc2p3_eta1p6em4,2.3,0.00016,8000000,3,150.0,130.0,0.8671183608432675,0 5 6 7 8 9,1 2 3 4,0.000498590380313911,0.00011573696814224638,130.0,0.7554562514162595,0.003070526763784476,0.011643287378939118,0.002101286109608823,6.722356005184338e-11,False,291.85921783331816,845.1476326677843,122.65815921848228,252.47324804570982,136.33637585174026,158.72678694698322,361.46057758645037,445.5023239645448,299.60663877979295,353.1929664638141,291.85921783331816,59.219142389768315,191.22094911127525,71.12997183587818,67.34498659241483,79.95011207013033,85.91890176263534,100.46092848864679,88.60845874941884,75.68122120926084,59.79280173185878,59.219142389768315,31.87148079173203,82.55893643407981,23.257156783640315,34.330409198982146,32.893730439867845,29.435963842811297,35.333976749610144,37.319066051525155,43.11372882828447,31.87148079173203,40.12422362871479,11.487046932182546,37.49372530731987,16.98664612785099,21.740879648975575,23.889156783663683,23.501642744782423,22.515308197997186,18.056922873832374,19.443950621769567,13.009131793071017,11.487046932182546,10.331470660866257,29.858456267007742,9.48360192673431,10.540481827792107,13.29327495769165,14.619685698164513,11.337125811339764,13.93600782109715,10.331470660866257,11.889725954106105,10.625801781553946,6.8760251686839275,16.56235335414419,5.799543575557901,8.337304627417394,8.63435253424765,11.361609180295282,8.914650726794545,12.107364730248293,7.3791441420525095,8.9158814685693,6.8760251686839275,4.829312529437013,11.804556963649496,3.0791496546460637,3.998605743317908,5.085555704628063,7.466202431266764,7.083590329040511,6.660239392310579,4.829312529437013,6.292924100127903,4.903184317860852,3.5653786945282646,8.996899523835895,1.9356007690970902,2.211767351003531,4.453644341602197,4.583355360363409,6.753377861893226,6.370663653737757,4.041265568932804,4.180499105688461,3.5653786945282646,2.6114595071689957,6.523151734032821,0.837611454201583,1.561903464484819,3.2617576903811365,3.12100983476739,3.7825481519537805,4.169447088915074,3.8571928465106695,2.6114595071689957,2.9736880881302525,1.6026805618428663,4.529226560953588,0.7063461147022206,0.8448105064926024,1.5561155134004714,2.3036697614405837,2.3894184441928346,2.836059303351803,2.4145586033264226,1.850367020152831,1.6026805618428663,1.4487558963376514,3.25072573773574,0.5383648360911351,0.7205014384377492,1.1462240734395057,1.5836884491696879,2.0207657699861987,1.726396285642507,1.765731245030907,1.4487558963376514,1.5516150688006904,1.2007799232561462,3.2524328124554267,0.5118372291526522,0.7699727500880403,1.135899929414779,1.6403412185054702,1.7114390205281322,1.563281315527039,1.554877959786657,1.7597357614616884,1.2007799232561462,0.8671183608432675,2.268356126004841,0.6068651748181798,0.6871258854894853,0.6035725800221241,1.0650059759688144,1.4106745293711456,1.3072825158281673,1.4381513565480746,0.8671183608432675,0.9105473419124339,0.8903855945540953,1.814875870481907,0.651894062290923,0.4924591164319217,0.5967321211583887,0.6568943254908097,0.9336926856983656,1.3955415119314207,0.9318667507998667,1.2577969511613007,0.8903855945540953,0.7554562514162595,1.234582118233645,0.6489869911213325,0.4326689987204553,0.5689499278238318,1.1580673598705895,0.9852691117010555,0.8198561820496723,0.7554562514162595,0.7940046763780313,0.8961034044425652
