rank,stage,case_id,param_id,origin,random_seed,wc_eV,eta,delE_eV,ntraj_per_repeat,independent_repeats,total_forward_paths,back_replicas,tmax,signal_rms_0_200,poisson_rms_vs_qm_0_200,repeat_noise_of_mean_0_200,Q_accuracy_0_200_all,Q_repeat_0_200_all,Q_0_200_all,Q_accuracy_0_50,Q_repeat_0_50,Q_0_50,Q_accuracy_50_100,Q_repeat_50_100,Q_50_100,Q_accuracy_100_150,Q_repeat_100_150,Q_100_150,Q_accuracy_0_150,Q_repeat_0_150,Q_0_150,Q_accuracy_150_200,Q_repeat_150_200,Q_150_200,Q_accuracy_0_200,Q_repeat_0_200,Q_0_200,min_10au_window_Q_0_150,passes_Q0_150_gt_10,projected_ntraj_per_repeat_Q10_0_150,occupation_min,occupation_max,max_particle_error
1,confirm4,f01_random_promoted,f01_random_promoted,random_promoted,20260817,3.351907,3.1184e-05,-17.1948749688398,16000000,3,48000000,32,200.0,1.5953806818607077e-05,2.8947628427800596e-06,2.362036758276902e-06,5.511265580321402,6.754258485903211,5.511265580321402,60.00495667585915,60.22133698070868,60.00495667585915,12.812466193140875,19.938938893317644,12.812466193140875,7.2192839436826715,6.761616593313799,6.761616593313799,11.244154919896413,11.358407635328824,11.244154919896413,2.987081116012964,3.8537978584274573,2.987081116012964,5.511265580321402,6.754258485903211,5.511265580321402,4.585585765659883,True,12655123,-2.0373891831875445e-05,1.0000045003897104,2.2167165880659923e-09
1,confirm2,d01_random,d01_random,random,20260816,3.38946,2.961e-05,-17.1948749688398,24000000,3,72000000,12,200.0,1.5136776369601932e-05,2.5369267367697037e-06,3.0080018358515127e-06,5.966580015974665,5.032169923964483,5.032169923964483,54.26498343805755,44.57510678528105,44.57510678528105,12.750193571079384,11.913298644826003,11.913298644826003,6.1755216520455,5.930639364435793,5.930639364435793,9.868264488271631,9.400466734903617,9.400466734903617,3.4263548516187314,2.7780919279547054,2.7780919279547054,5.966580015974665,5.032169923964483,5.032169923964483,4.366732725130222,False,27158915,-2.332278543210322e-05,1.0000039822228073,1.3494050321583018e-09
1,confirm,c02_random_prev,c02_random_prev,validate_rank2_random,20260814,3.363696,3.2474e-05,-17.1948749688398,24000000,3,72000000,12,200.0,1.661106598841779e-05,3.734093268244751e-06,3.4511415180463733e-06,4.448487168138142,4.813209166172069,4.448487168138142,45.21063683369313,49.415647539547216,45.21063683369313,10.646876284831048,12.138508938342758,10.646876284831048,5.765637014542306,5.53841363245878,5.53841363245878,9.030434785213204,8.933101410954643,8.933101410954643,2.4124504428728466,2.667780433561573,2.4124504428728466,4.448487168138142,4.813209166172069,4.448487168138142,3.358985902674143,False,30075075,-3.274243547357762e-05,1.0000061840587313,1.4600054498714599e-09
2,confirm2,d02_random,d02_random,random,20260816,3.395537,3.1358e-05,-17.1948749688398,24000000,3,72000000,12,200.0,1.602979768393706e-05,2.4316534643043043e-06,3.4599159197597915e-06,6.592139019497658,4.633002088978493,4.633002088978493,51.44634652551518,45.386152269692246,45.386152269692246,13.04222464055976,12.517804496630207,12.517804496630207,5.821979560834264,5.005434375445296,5.005434375445296,9.424106090124104,8.239435428573273,8.239435428573273,4.065325577155349,2.5972668620293926,2.5972668620293926,6.592139019497658,4.633002088978493,4.633002088978493,3.7396778511714217,False,35352191,-5.16714272037707e-05,1.0000045192463938,1.2351986100611612e-09
2,confirm,c04_random_new,c04_random_new,random,20260815,3.378462,3.3191e-05,-17.1948749688398,24000000,3,72000000,12,200.0,1.6973657633604777e-05,3.832932152785113e-06,3.2487193648740815e-06,4.428374142044558,5.224722645214591,4.428374142044558,48.75491682335184,48.78842697672306,48.75491682335184,11.884756838004597,13.565219983302892,11.884756838004597,5.377914597705047,4.929089479234087,4.929089479234087,8.722026296317908,8.2176093418263,8.2176093418263,2.419595370846165,3.0753016653176455,2.419595370846165,4.428374142044558,5.224722645214591,4.428374142044558,4.0023270143105245,False,35540233,-2.7957053881156298e-05,1.0000050018438498,1.2358087886354951e-09
3,confirm,c01_known,c01_known,validate_rank1,0,3.4,3.4e-05,-17.1948749688398,24000000,3,72000000,12,200.0,1.7380963098473893e-05,3.3037945469377175e-06,3.65471076651739e-06,5.260909191397595,4.7557698020071735,4.7557698020071735,44.360806779873556,50.50625707297284,44.360806779873556,17.207196550160997,13.180343657076536,13.180343657076536,6.890891161132716,4.856581951565929,4.856581951565929,11.289245534807813,8.087462441105739,8.087462441105739,2.808871120863107,2.7094181891224545,2.7094181891224545,5.260909191397595,4.7557698020071735,4.7557698020071735,2.9119882678418847,False,36693293,-4.0657282877461995e-05,1.0000298746421583,1.446990971487594e-09
4,confirm,c03_random_new,c03_random_new,random,20260815,3.313144,3.4759e-05,-17.1948749688398,24000000,3,72000000,12,200.0,1.7798777143716514e-05,4.522838482825762e-06,3.92845147721662e-06,3.935311245648609,4.5307361556944254,3.935311245648609,46.769861933690926,49.79728238340579,46.769861933690926,15.130822082854582,14.87236694681889,14.87236694681889,4.217228658071468,5.952151461945633,4.217228658071468,7.225379961926468,9.787872054571316,7.225379961926468,2.1893246291507475,2.424132732155146,2.1893246291507475,3.935311245648609,4.5307361556944254,3.935311245648609,3.0955176928790227,False,45971626,-3.470883650146993e-05,1.0000349128811417,1.44315226435765e-09
1,validate,v03_known,v03_known,known_neighbor,0,3.4,3.4e-05,-17.1948749688398,8000000,3,24000000,12,200.0,1.7380963110540514e-05,8.67976561246323e-06,5.738873342495414e-06,2.0024691779214963,3.028636820024819,2.0024691779214963,27.845717491751245,24.86828331289495,24.86828331289495,5.799998827811005,8.105531370255068,5.799998827811005,3.7140984565237463,3.403441247441446,3.403441247441446,5.542745661388528,5.548898780648742,5.542745661388528,1.0339119977899367,1.6866041874388669,1.0339119977899367,2.0024691779214963,3.028636820024819,2.0024691779214963,2.526627153218272,False,26039947,-7.64259854930254e-05,1.0000933148592503,4.3353143297508723e-10
2,validate,v05_random,v05_random,random,20260814,3.363696,3.2474e-05,-17.1948749688398,8000000,3,24000000,12,200.0,1.661106598841779e-05,5.025127109970949e-06,6.765327942933497e-06,3.3056011569255253,2.455323101634465,2.455323101634465,32.535731887812055,26.362698858237458,26.362698858237458,6.742141093735316,7.3412977653304825,6.742141093735316,3.657628113654914,3.371474125076614,3.371474125076614,5.7048000805042145,5.4237217903850246,5.4237217903850246,1.8756792258709905,1.3085577408851095,1.3085577408851095,3.3056011569255253,2.455323101634465,2.455323101634465,2.480011146960273,False,27195383,-5.729394358238381e-05,1.0000593421466084,4.747642279312458e-10
3,validate,v01_known,v01_known,known_best,0,3.2,4e-05,-17.1948749688398,8000000,3,24000000,12,200.0,2.0532105251311873e-05,8.812379078469376e-06,9.09436237437772e-06,2.329916253997337,2.2576739749406323,2.2576739749406323,26.567444877748045,28.586447749457996,26.567444877748045,6.940258158260618,6.737592095393369,6.737592095393369,3.082748100477461,2.992068881559825,2.992068881559825,4.994574137368093,4.861593472620425,4.861593472620425,1.2481219296154007,1.2089431652046503,1.2089431652046503,2.329916253997337,2.2576739749406323,2.2576739749406323,2.0055208538166998,False,33847977,-9.739236964156979e-05,1.0000823248640198,4.4780090746598944e-10
1,confirm3,e05_random_b32,e05_random_b32,random,20260817,3.351907,3.1184e-05,-17.1948749688398,2000000,3,6000000,32,200.0,1.5953806818607077e-05,6.663349623988004e-06,5.52151983304913e-06,2.394262303327669,2.8893868537998095,2.394262303327669,21.986276366205676,21.570155196180465,21.570155196180465,5.029371433233905,6.22936089241123,5.029371433233905,2.7875836019438855,2.9810508403527085,2.7875836019438855,4.318082625003149,4.761659094718509,4.318082625003149,1.338656049164027,1.6687198716747962,1.338656049164027,2.394262303327669,2.8893868537998095,2.394262303327669,2.3395985483700126,False,10726255,-5.940552734627873e-05,1.0000916821592523,6.326583701365962e-10
4,validate,v02_known,v02_known,known_best,0,3.4,4e-05,-17.1948749688398,8000000,3,24000000,12,200.0,2.0453731646746246e-05,7.965549613899501e-06,8.464255381096133e-06,2.567774056802743,2.4164832848057873,2.4164832848057873,27.800278756169742,27.809650586742137,27.800278756169742,7.651139996314203,8.183911329011288,7.651139996314203,2.5087595186799354,2.8391936534120124,2.5087595186799354,4.230576830488436,4.764205652346262,4.230576830488436,1.4786380805526202,1.3172316251963452,1.3172316251963452,2.567774056802743,2.4164832848057873,2.4164832848057873,1.5281923364428944,False,44698281,-6.671568647623775e-05,1.0000974220842527,4.440128265059684e-10
2,confirm3,e04_random_b24,e04_random_b24,random,20260817,3.407263,3.0376e-05,-17.1948749688398,2000000,3,6000000,24,200.0,1.552371523059222e-05,8.09755601001452e-06,7.587886774790938e-06,1.917086490219212,2.045854885732653,1.917086490219212,20.7611214408713,18.524204768327017,18.524204768327017,4.583611090808591,5.617508482574831,4.583611090808591,3.2782931997448723,2.5223543261636268,2.5223543261636268,4.71493737311268,4.076690676741192,4.076690676741192,1.003927856124748,1.111804404171379,1.003927856124748,1.917086490219212,2.045854885732653,1.917086490219212,1.8637927123858244,False,12034124,-6.334088129118491e-05,1.0000828254375747,4.6431303246663447e-10
5,validate,v04_random,v04_random,random,20260814,3.488949,4.2822e-05,-17.1948749688398,8000000,3,24000000,12,200.0,2.186272949673978e-05,1.0021792981051538e-05,9.261842268533502e-06,2.181518769952264,2.3605162842188494,2.181518769952264,26.05446302588713,27.324367171129804,26.05446302588713,5.451197841092326,7.789767137536214,5.451197841092326,2.4687213057855417,2.7168283554515646,2.4687213057855417,3.993092709999493,4.552103486630771,3.993092709999493,1.2117429112381366,1.2949847084850086,1.2117429112381366,2.181518769952264,2.3605162842188494,2.181518769952264,1.537408787205535,False,50173131,-7.686612722021775e-05,1.0000847905660546,4.669402642321074e-10
3,confirm3,e02_best_b24,e02_best_b24,replica_control,0,3.38946,2.961e-05,-17.1948749688398,2000000,3,6000000,24,200.0,1.5136776377258051e-05,7.959777205256532e-06,7.5338835307861314e-06,1.9016582985842774,2.0091598596399574,1.9016582985842774,18.871838420561165,19.661501737809658,18.871838420561165,6.638147628171817,5.402673716301441,5.402673716301441,2.7354085656087115,2.0340270293876115,2.0340270293876115,4.461870375335899,3.3764365055724435,3.3764365055724435,1.0029101243047844,1.1472593738309844,1.0029101243047844,1.9016582985842774,2.0091598596399574,1.9016582985842774,1.380074234621325,False,17543362,-7.52678869486978e-05,1.0000597499092505,4.59460025581393e-10
4,confirm3,e01_best_b16,e01_best_b16,replica_control,0,3.38946,2.961e-05,-17.1948749688398,2000000,3,6000000,16,200.0,1.5136776369601932e-05,8.400714091943552e-06,1.0535872196847996e-05,1.8018440103941158,1.4366894441003548,1.4366894441003548,14.61066670862085,15.171668141616728,14.61066670862085,4.078048536274213,4.545751530160892,4.078048536274213,2.1410530724403025,1.8711538325187105,1.8711538325187105,3.3511715494601098,3.0715333320580047,3.0715333320580047,0.9990498131114378,0.7707324919343044,0.7707324919343044,1.8018440103941158,1.4366894441003548,1.4366894441003548,1.3693568165932106,False,21199203,-0.00013106648809231642,1.0001304527807977,2.978470803327582e-10
5,confirm3,e03_random_b16,e03_random_b16,random,20260817,3.372814,2.8427e-05,-17.1948749688398,2000000,3,6000000,16,200.0,1.4535777855948289e-05,8.171023463300052e-06,7.900240575908703e-06,1.7789421265567735,1.8399158501924926,1.7789421265567735,15.807832715972244,15.468009993017121,15.468009993017121,5.224905588845324,4.35598343008554,4.35598343008554,2.0473337291196554,1.7957932454048282,1.7957932454048282,3.3768249348301023,2.9485375646841803,2.9485375646841803,0.9802379006059924,1.0723808247607172,0.9802379006059924,1.7789421265567735,1.8399158501924926,1.7789421265567735,1.3755117819587916,False,23004705,-6.517449717400576e-05,1.0000655300432761,2.8984992184177827e-10
1,pilot,p08_random01_stratf,random01,forward_stratified,20260810,4.145914,0.00012438,-17.1948749688398,8000000,3,24000000,12,200.0,6.29197021951776e-05,6.504562866144789e-05,0.00010349427040432408,0.9673163822070904,0.6079534833123358,0.6079534833123358,26.60439083824125,32.665698704368104,26.60439083824125,4.7653666552842076,6.392991654866203,4.7653666552842076,1.6336188285893316,1.6307651185712124,1.6307651185712124,2.741455133932981,2.806493721352236,2.741455133932981,0.49853833617197707,0.30388709144663867,0.30388709144663867,0.9673163822070904,0.6079534833123358,0.6079534833123358,1.0742220728492717,False,106445597,-0.0010483316464431863,1.0015879452992567,4.412283871602085e-10
1,refine,r02_grid,r02_grid,regular_grid,0,3.4,4e-05,-17.1948749688398,2000000,3,6000000,12,200.0,2.04537316346871e-05,1.4851367149123245e-05,1.7914639795791123e-05,1.3772288725549817,1.1417327876998404,1.1417327876998404,15.082807400578174,14.331550984322181,14.331550984322181,4.014551132588177,3.7499069232886004,3.7499069232886004,1.6503402976941492,1.758967649607573,1.6503402976941492,2.703963508901767,2.818529581185175,2.703963508901767,0.7509995190055725,0.5977787015731096,0.5977787015731096,1.3772288725549817,1.1417327876998404,1.1417327876998404,1.2190377605134277,False,27354473,-0.0002467598016474899,1.0002528977470018,1.183684261718554e-10
1,fine,f02_grid,f02_grid,regular_grid,0,3.2,4e-05,-17.1948749688398,2000000,3,6000000,12,200.0,2.0532105263903235e-05,1.437857741692067e-05,1.5774424467837742e-05,1.427964997409348,1.3016072507599794,1.3016072507599794,13.239241869718263,12.488933939690792,12.488933939690792,3.374397392731448,4.122505240173169,3.374397392731448,2.1076057779408255,1.5668361193466755,1.5668361193466755,3.180706354011857,2.594812283362559,2.594812283362559,0.7600684772471057,0.7079323053458333,0.7079323053458333,1.427964997409348,1.3016072507599794,1.3016072507599794,1.0886980541918627,False,29704217,-0.00021597397513148636,1.000224164018818,1.183684261718554e-10
2,refine,r15_random,r15_random,random,20260812,4.302026,3.8846e-05,-17.1948749688398,2000000,3,6000000,12,200.0,1.9540841002442545e-05,1.2710710823188838e-05,1.6338438737692083e-05,1.5373523380606795,1.1960041786221993,1.1960041786221993,11.851174097744817,15.502257685736021,11.851174097744817,4.464612104318113,3.7587372797139085,3.7587372797139085,1.5591546042482918,1.5683575208663012,1.5591546042482918,2.5957853937219144,2.56549567676741,2.56549567676741,0.8790655337709128,0.6411608811654177,0.6411608811654177,1.5373523380606795,1.1960041786221993,1.1960041786221993,1.009309765630102,False,30386972,-0.0001336937214633861,1.0002772286631687,1.1676259958903756e-10
2,fine,f01_grid,f01_grid,regular_grid,0,3.2,3.4e-05,-17.1948749688398,2000000,3,6000000,12,200.0,1.7447094911538783e-05,1.217092186643173e-05,1.2985363020841869e-05,1.4335064428980615,1.3435970086886067,1.3435970086886067,13.712960537380278,14.910634501625125,13.712960537380278,3.6466202270821193,3.532507174718425,3.532507174718425,1.5708818753297584,1.7407427791579224,1.5708818753297584,2.557431691440446,2.7713032639087825,2.557431691440446,0.8047619470488303,0.7260626419616593,0.7260626419616593,1.4335064428980615,1.3435970086886067,1.3435970086886067,1.2314469181856904,False,30578904,-8.699186517241973e-05,1.000192276120766,1.0934009253560362e-10
3,refine,r13_random,r13_random,random,20260812,3.295605,3.3789e-05,-17.1948749688398,2000000,3,6000000,12,200.0,1.730704864769852e-05,1.3638406258087483e-05,1.1293336072313714e-05,1.2689934820966018,1.5325009843750048,1.2689934820966018,14.396932246149529,14.12772172962553,14.12772172962553,4.077094724099732,4.601564017677897,4.077094724099732,1.5363147450925787,1.5464820673022655,1.5363147450925787,2.5533289641961456,2.597924000450191,2.5533289641961456,0.6892096005520413,0.8730263065089244,0.6892096005520413,1.2689934820966018,1.5325009843750048,1.2689934820966018,1.0815192819930404,False,30677252,-0.00010308020746974952,1.0002142035361434,1.0391332239123585e-10
3,fine,f12_random,f12_random,random,20260813,3.188146,3.218e-05,-17.1948749688398,2000000,3,6000000,12,200.0,1.6515421707991817e-05,1.10771247411278e-05,1.271146730778378e-05,1.4909484269570774,1.2992537610413166,1.2992537610413166,14.172205996546609,13.966548234964502,13.966548234964502,4.384091353414614,3.6610805506843582,3.6610805506843582,1.6272046345903655,1.5486371915699326,1.5486371915699326,2.7093822438152766,2.529993868592044,2.529993868592044,0.8298140722143719,0.7110774529611411,0.7110774529611411,1.4909484269570774,1.2992537610413166,1.2992537610413166,1.1369812927547822,False,31245758,-0.00015491739369221966,1.0001424907918834,1.1758860551935868e-10
4,refine,r04_grid,r04_grid,regular_grid,0,3.8,2.5e-05,-17.1948749688398,2000000,3,6000000,12,200.0,1.2681772224733085e-05,9.49578786195181e-06,8.092837758466304e-06,1.335515536898948,1.5670365084813516,1.335515536898948,13.113370286758325,12.647686946232279,12.647686946232279,4.069624631704506,4.4782391591643185,4.069624631704506,1.5263515859030297,1.5076943889797003,1.5076943889797003,2.530753146252023,2.528766724422542,2.528766724422542,0.7362236005357918,0.9117318672804153,0.7362236005357918,1.335515536898948,1.5670365084813516,1.335515536898948,0.8998418130963348,False,31276091,-7.910697710299815e-05,1.0000745081960583,1.1077982975393752e-10
4,fine,f05_grid,f05_grid,regular_grid,0,3.4,4e-05,-17.1948749688398,2000000,3,6000000,12,200.0,2.0453731636272144e-05,1.9559344902053204e-05,1.551916055273187e-05,1.0457268246302591,1.3179663659495828,1.0457268246302591,14.164235133039028,14.484962066790365,14.164235133039028,3.8768509567018774,3.0752528464232713,3.0752528464232713,1.724590049478545,1.5824605047241573,1.5824605047241573,2.7888439280845128,2.5096847107702027,2.5096847107702027,0.5409342278550955,0.721521461176971,0.5409342278550955,1.0457268246302591,1.3179663659495828,1.0457268246302591,0.9738335142040266,False,31753505,-0.00015557178202900537,1.000232212874122,1.183648734581766e-10
2,pilot,p05_random_01,random01,random,20260810,4.145914,0.00012438,-17.1948749688398,8000000,3,24000000,12,200.0,6.29197021951776e-05,7.348889487775431e-05,8.795442088803321e-05,0.8561797302822676,0.7153671362952291,0.7153671362952291,34.280291177521164,33.32124188358346,33.32124188358346,6.054184086231332,5.58438854944338,5.58438854944338,1.479711738042529,1.455903723909461,1.455903723909461,2.5554584587819558,2.5023846250627138,2.5023846250627138,0.43927988521840866,0.36246219466308016,0.36246219466308016,0.8561797302822676,0.7153671362952291,0.7153671362952291,0.9893307913760557,False,127756164,-0.0010274082028390687,1.0022279483620236,8.165006448734857e-10
5,refine,r01_grid,r01_grid,regular_grid,0,3.4,2.5e-05,-17.1948749688398,2000000,3,6000000,12,200.0,1.2774962849855854e-05,8.122112616377784e-06,9.074370909730335e-06,1.5728620684347394,1.4078069958720136,1.4078069958720136,13.204845722756708,13.758301501839938,13.204845722756708,4.361635362841288,3.6943667742980972,3.6943667742980972,2.207043179378684,1.5240837915782792,1.5240837915782792,3.4684851750936443,2.4969390691727464,2.4969390691727464,0.8380429587878809,0.786938963699118,0.786938963699118,1.5728620684347394,1.4078069958720136,1.4078069958720136,1.134761908397275,False,32078504,-9.567549403419469e-05,1.000113571986041,1.1094680729684114e-10
6,refine,r03_grid,r03_grid,regular_grid,0,3.4,5.5e-05,-17.1948749688398,2000000,3,6000000,12,200.0,2.8143110539632428e-05,2.8805313742253934e-05,2.2986351856817455e-05,0.9770110748125568,1.2243400220677274,0.9770110748125568,13.902274193440938,13.509398750659628,13.509398750659628,3.871905800891567,3.442679374133184,3.442679374133184,1.5995382096021886,1.5164865296793855,1.5164865296793855,2.619452510957438,2.4586930622995395,2.4586930622995395,0.5064864659171583,0.6648840981823695,0.5064864659171583,0.9770110748125568,1.2243400220677274,0.9770110748125568,0.9833704465832301,False,33084256,-0.00037232154475219295,1.0003237950084476,1.1256862109121357e-10
5,fine,f13_random,f13_random,random,20260813,3.633074,3.8606e-05,-17.1948749688398,2000000,3,6000000,12,200.0,1.9653828261186775e-05,1.7876736452908872e-05,1.518204907171886e-05,1.0994080666210604,1.2945438503290014,1.0994080666210604,14.83597570779808,13.728579929700519,13.728579929700519,3.6498437213468837,3.8525186793448154,3.6498437213468837,1.9278996875413712,1.4564367096595965,1.4564367096595965,3.0182098142303637,2.4200950274447517,2.4200950274447517,0.5678722401878606,0.7150593687892062,0.5678722401878606,1.0994080666210604,1.2945438503290014,1.0994080666210604,1.2407134239122701,False,34147991,-0.0002504519072756097,1.0002466066491584,1.1972556279715718e-10
7,refine,r10_grid,r10_grid,regular_grid,0,4.6,2.5e-05,-17.1948749688398,2000000,3,6000000,12,200.0,1.250740323674226e-05,7.681062820379081e-06,7.8110736736377e-06,1.6283427865683027,1.6012399523198235,1.6012399523198235,13.196387306339075,14.902099472738083,13.196387306339075,3.5920854488323144,3.942153822293417,3.5920854488323144,1.7765358784250458,1.4445715966095258,1.4445715966095258,2.808533951656243,2.400620257236632,2.400620257236632,0.9266223722054592,0.9632991547774101,0.9266223722054592,1.6283427865683027,1.6012399523198235,1.6012399523198235,1.1384106757582944,False,34704282,-8.252630300735375e-05,1.0000644161286414,1.1048673087543648e-10
8,refine,r14_random,r14_random,random,20260812,4.562075,5.855e-05,-17.1948749688398,2000000,3,6000000,12,200.0,2.933858279509223e-05,3.372181017404506e-05,3.129756911574433e-05,0.870018028203999,0.937407716445728,0.870018028203999,16.844654779157512,16.747913178982486,16.747913178982486,3.821279617743654,3.920881799592969,3.821279617743654,1.552425772528227,1.4117301171084433,1.4117301171084433,2.5468198597583247,2.3538451751582437,2.3538451751582437,0.44737655588995745,0.4907002471857591,0.44737655588995745,0.870018028203999,0.937407716445728,0.870018028203999,1.0866514033717596,False,36097258,-0.00032714172342619235,1.0005245414224668,1.1522782727979575e-10
9,refine,r07_grid,r07_grid,regular_grid,0,4.2,2.5e-05,-17.1948749688398,2000000,3,6000000,12,200.0,1.2592575454785019e-05,9.095362233336374e-06,7.690525154957243e-06,1.3845051061991394,1.6374142468889734,1.3845051061991394,14.073056068577229,14.582145086280482,14.073056068577229,4.201000036932631,3.596225520111383,3.596225520111383,1.3958050472061438,1.9772311148067363,1.3958050472061438,2.345225877298881,3.0608915053291783,2.345225877298881,0.7895662274278387,0.9069253568327226,0.7895662274278387,1.3845051061991394,1.6374142468889734,1.3845051061991394,1.061145666902657,False,36363079,-9.082689796014239e-05,1.0000761931015911,1.1057732507424589e-10
10,refine,r09_grid,r09_grid,regular_grid,0,4.2,5.5e-05,-17.1948749688398,2000000,3,6000000,12,200.0,2.7730481886389926e-05,2.388159034527901e-05,3.1548586101030844e-05,1.161165629485466,0.8789770101768154,0.8789770101768154,13.716047674995515,16.750477567717322,13.716047674995515,4.618581136769888,3.3032544762492018,3.3032544762492018,1.3716523996709629,1.592332449386336,1.3716523996709629,2.327947919242995,2.5471565884947514,2.327947919242995,0.632281692597416,0.4519180089669113,0.4519180089669113,1.161165629485466,0.8789770101768154,0.8789770101768154,0.9622873393832517,False,36904853,-0.00036152316502555457,1.0005296595707225,1.1386180887029695e-10
6,fine,f09_grid,f09_grid,regular_grid,0,3.6,4.6e-05,-17.1948749688398,2000000,3,6000000,12,200.0,2.3439548640563275e-05,2.447105423371511e-05,1.8849401906294302e-05,0.9578479299134292,1.243516837143581,0.9578479299134292,13.8849876610228,15.694756391155584,13.8849876610228,3.632372705970243,3.76303899885655,3.632372705970243,1.5812113977453417,1.383382294684067,1.383382294684067,2.567524462933871,2.3034429439835384,2.3034429439835384,0.496336694990923,0.6895061702883392,0.496336694990923,0.9578479299134292,1.243516837143581,0.9578479299134292,1.1649098620466656,False,37694248,-0.00022325260633156347,1.0002822057975465,1.0514700221619933e-10
7,fine,f04_grid,f04_grid,regular_grid,0,3.4,3.4e-05,-17.1948749688398,2000000,3,6000000,12,200.0,1.738096312338959e-05,1.3707450252517014e-05,1.2325921095939267e-05,1.2679938867695713,1.4101147482694572,1.2679938867695713,13.36005604526766,13.383399188089038,13.36005604526766,4.581082867755426,3.7639438064364588,3.7639438064364588,1.6479121358076065,1.3771365166172076,1.3771365166172076,2.7426198447219345,2.295872753082451,2.295872753082451,0.6761541060390093,0.8156587775926325,0.6761541060390093,1.2679938867695713,1.4101147482694572,1.2679938867695713,0.9901719608177978,False,37943237,-0.00011933127379778383,1.0001921923910593,1.0999823274460141e-10
8,fine,f10_random,f10_random,random,20260813,3.744152,3.556e-05,-17.1948749688398,2000000,3,6000000,12,200.0,1.8064070489825794e-05,1.2708230825780989e-05,1.568705229841498e-05,1.4214465205636253,1.1515273963643884,1.1515273963643884,15.015953133477257,14.061997167080404,14.061997167080404,4.366260507867988,4.42996701084331,4.366260507867988,1.3543173920944829,1.617139538723308,1.3543173920944829,2.295220385165724,2.6911580328126212,2.295220385165724,0.8239251428679618,0.6083087735982471,0.6083087735982471,1.4214465205636253,1.1515273963643884,1.1515273963643884,0.9416234629766426,False,37964809,-0.00012467201779716296,1.000262642518706,1.0696421526290578e-10
3,pilot,p03_center_b12,center,replica_control,0,4.0,0.00017,-17.1948749688398,8000000,3,24000000,12,200.0,8.638282476130603e-05,0.00021612937070965987,0.0001731786926940676,0.399681100618895,0.4988074653843669,0.399681100618895,30.36371767395695,31.42069331253775,30.36371767395695,5.328089372774397,5.214203296633987,5.214203296633987,1.3695332988426039,1.3314872117661698,1.3314872117661698,2.35564059427839,2.290747285866247,2.290747285866247,0.19845445281485552,0.24951845252317992,0.19845445281485552,0.399681100618895,0.4988074653843669,0.399681100618895,0.8979043419102015,False,152452878,-0.0030820948772599123,1.0030795332569877,7.931619805390255e-10
9,fine,f07_grid,f07_grid,regular_grid,0,3.6,3.4e-05,-17.1948749688398,2000000,3,6000000,12,200.0,1.731628882744585e-05,1.223636824918151e-05,1.1669015542330846e-05,1.4151493706969904,1.483954560230792,1.4151493706969904,13.438206343718138,14.080692970644566,13.438206343718138,3.585769985678915,3.663949255291634,3.585769985678915,1.5124077294073952,1.3765708980463283,1.3765708980463283,2.466807995151956,2.2865172809219936,2.2865172809219936,0.7986241680544401,0.8789710577623318,0.7986241680544401,1.4151493706969904,1.483954560230792,1.4151493706969904,0.824458455440937,False,38254367,-0.0001305540941126081,1.0001075234178014,1.1055689697059279e-10
10,fine,f11_random,f11_random,random,20260813,3.680172,3.9056e-05,-17.1948749688398,2000000,3,6000000,12,200.0,1.9866005486231003e-05,1.3143393295865404e-05,1.7351997524767354e-05,1.5114822359063371,1.1448829137899128,1.1448829137899128,13.099750779363427,14.75249240258082,13.099750779363427,3.7135405568663584,4.025540711402134,3.7135405568663584,1.3769842124379643,1.3482763419361574,1.3482763419361574,2.288235941780209,2.2684290606912314,2.2684290606912314,0.8915196285315009,0.6209401508765248,0.6209401508765248,1.5114822359063371,1.1448829137899128,1.1448829137899128,0.856166154123823,False,38866873,-0.00015619084883869826,1.000305120693166,1.0436540520686322e-10
11,refine,r05_grid,r05_grid,regular_grid,0,3.8,4e-05,-17.1948749688398,2000000,3,6000000,12,200.0,2.030231672025889e-05,1.6024523281596803e-05,1.6153629285695177e-05,1.2669529297994702,1.2568269557998075,1.2568269557998075,14.820266902005018,14.242628043167606,14.242628043167606,4.07174474671382,4.639078235247979,4.07174474671382,1.3285376855269306,1.4985139152203049,1.3285376855269306,2.241002187033936,2.5251807908025774,2.241002187033936,0.7127151130905035,0.6809501702709931,0.6809501702709931,1.2669529297994702,1.2568269557998075,1.2568269557998075,0.8064573977464999,False,39824051,-0.00014729005351539506,1.0001820225792075,1.1867662408349133e-10
12,refine,r16_random,r16_random,random,20260812,4.702414,4.6247e-05,-17.1948749688398,2000000,3,6000000,12,200.0,2.311117678111806e-05,2.2747042844935107e-05,1.9100353515222084e-05,1.0160079680978855,1.2099868603321682,1.0160079680978855,15.242684726186377,16.940994923655,15.242684726186377,4.3505286177483455,4.0496098241880905,4.0496098241880905,1.3010361716360008,1.3766492877440044,1.3010361716360008,2.2067692519503708,2.3117402699118945,2.2067692519503708,0.5436664755691173,0.6672404342761671,0.5436664755691173,1.0160079680978855,1.2099868603321682,1.0160079680978855,1.0710210179685238,False,41069191,-0.00022741113196340356,1.0003289137150997,1.0112710668863656e-10
11,fine,f03_grid,f03_grid,regular_grid,0,3.2,4.6e-05,-17.1948749688398,2000000,3,6000000,12,200.0,2.3618991793179833e-05,1.6346752716241898e-05,2.3046566161922123e-05,1.44487362127356,1.0248377839560099,1.0248377839560099,14.382392434639486,13.740856427164214,13.740856427164214,4.268505936285771,4.221210911964325,4.221210911964325,1.8475654946876319,1.2845287550559445,1.2845287550559445,3.001566482241914,2.1827653313827673,2.1827653313827673,0.7797939185097724,0.5500262282617272,0.5500262282617272,1.44487362127356,1.0248377839560099,1.0248377839560099,0.9516452228950003,False,41977436,-0.0002089370490314468,1.000287075907919,1.0549605633514147e-10
13,refine,r11_grid,r11_grid,regular_grid,0,4.6,4e-05,-17.1948749688398,2000000,3,6000000,12,200.0,2.0020152240731572e-05,2.0448974553761558e-05,1.59661291215453e-05,0.9790296422002684,1.2539139630103342,0.9790296422002684,16.433903039755386,14.327040459489941,14.327040459489941,3.371220142828914,3.680343057303781,3.371220142828914,1.3247440160259496,1.308087537600734,1.308087537600734,2.1835866391809535,2.1816877098393466,2.1816877098393466,0.5220225600821194,0.709323017958658,0.5220225600821194,0.9790296422002684,1.2539139630103342,0.9790296422002684,0.7835285553647993,False,42018915,-0.0002364460150695479,1.0001900846523657,1.184474740512087e-10
14,refine,r06_grid,r06_grid,regular_grid,0,3.8,5.5e-05,-17.1948749688398,2000000,3,6000000,12,200.0,2.7931660768928716e-05,3.418608070014051e-05,2.2420599268212838e-05,0.817047763208899,1.245803487890231,0.817047763208899,16.226866006540444,14.498289291975102,14.498289291975102,2.9571186813736983,3.7831588922890353,2.9571186813736983,1.4699569555156256,1.267952769171399,1.267952769171399,2.3388141017170194,2.1352258299471494,2.1352258299471494,0.4202546731806496,0.7059896831928387,0.4202546731806496,0.817047763208899,1.245803487890231,0.817047763208899,0.8039323937636558,False,43867448,-0.0003750311345539473,1.0003554362179419,1.1235812280574464e-10
15,refine,r12_grid,r12_grid,regular_grid,0,4.6,5.5e-05,-17.1948749688398,2000000,3,6000000,12,200.0,2.7539231466997982e-05,2.4211963512920852e-05,2.9215376085818e-05,1.1374224751454591,0.9426279978769924,0.9426279978769924,16.673568814227004,16.00564121059457,16.00564121059457,3.301783220549147,3.3657757520177483,3.301783220549147,1.3077718113757086,1.2646930066744022,1.2646930066744022,2.1553973033397678,2.097650593688425,2.097650593688425,0.6266277257086222,0.5026377952425775,0.5026377952425775,1.1374224751454591,0.9426279978769924,0.9426279978769924,0.8831290222155048,False,45453120,-0.0003536448089830334,1.0002058472608768,1.1300560487370603e-10
1,screen,s01_grid,s01_grid,regular_grid,0,3.8,6e-05,-17.1948749688398,2000000,3,6000000,12,200.0,3.0476757559821346e-05,3.150502848647991e-05,3.243393258545167e-05,0.9673616887189981,0.9396565612118148,0.9396565612118148,16.257536587977146,14.700589567619096,14.700589567619096,3.9938960130215606,4.025793820703317,3.9938960130215606,1.5522713851722854,1.2177277610841244,1.2177277610841244,2.5668174359214277,2.067006411563301,2.067006411563301,0.5023101009390446,0.5014082167739345,0.5014082167739345,0.9673616887189981,0.9396565612118148,0.9396565612118148,0.8425820422235109,False,46810831,-0.0004602130710561921,1.000509042415199,1.183799724913115e-10
12,fine,f06_grid,f06_grid,regular_grid,0,3.4,4.6e-05,-17.1948749688398,2000000,3,6000000,12,200.0,2.3528197772265435e-05,2.2541867249628573e-05,2.359661534442697e-05,1.0437554933543987,0.9971005344977286,0.9971005344977286,14.482624525483622,14.44202960118581,14.44202960118581,4.422518193538256,4.139352069193101,4.139352069193101,1.2328941569735392,1.2123193199820255,1.2123193199820255,2.1080118989494046,2.0652119267683413,2.0652119267683413,0.5661191104701636,0.5375667833239695,0.5375667833239695,1.0437554933543987,0.9971005344977286,0.9971005344977286,0.6702682023591215,False,46892215,-0.00018446464342681865,1.0002142258355535,1.0595879729180524e-10
4,pilot,p06_random_02,random02,random,20260810,3.509066,0.000124874,-17.1948749688398,8000000,3,24000000,12,200.0,6.39641090500609e-05,9.054217489723103e-05,9.21655214852901e-05,0.7064565118152144,0.6940134230160003,0.6940134230160003,34.35622852713604,31.23851004763543,31.23851004763543,5.344437149839501,5.697944377530803,5.344437149839501,1.189639818433645,1.745394406182897,1.189639818433645,2.063980417628603,2.965391740629479,2.063980417628603,0.36334424048452435,0.34790470347326774,0.34790470347326774,0.7064565118152144,0.6940134230160003,0.6940134230160003,0.8139803266276441,False,187792759,-0.0014584215219461622,1.0015505287373687,8.501981341169085e-10
13,fine,f08_grid,f08_grid,regular_grid,0,3.6,4e-05,-17.1948749688398,2000000,3,6000000,12,200.0,2.0377147334240336e-05,1.4666129511007692e-05,1.3805013724176452e-05,1.3894018404069206,1.476068603869204,1.3894018404069206,16.49866540972216,15.311245241912326,15.311245241912326,4.085269663854319,4.180729646199103,4.085269663854319,1.1829672661587427,1.9587288496209074,1.1829672661587427,2.0185449649523104,3.1361927179405558,2.0185449649523104,0.8467787784394601,0.7907435145713564,0.7907435145713564,1.3894018404069206,1.476068603869204,1.3894018404069206,0.8027467361433057,False,49085491,-0.00014937030963279248,1.0002041961047177,1.1866418958561553e-10
2,screen,s19_random,s19_random,random,20260811,4.003588,5.712e-05,-17.1948749688398,2000000,3,6000000,12,200.0,2.8902813942029924e-05,2.6666897117643233e-05,2.6785537691767425e-05,1.0838461563234283,1.0790455011441957,1.0790455011441957,14.308944857028735,16.264576651022793,14.308944857028735,2.9524347945870106,3.60435194986782,2.9524347945870106,1.2269331120844582,1.2269865812299834,1.2269331120844582,2.018469629947084,2.061923394897453,2.018469629947084,0.6008852059265963,0.5941892186954224,0.5941892186954224,1.0838461563234283,1.0790455011441957,1.0790455011441957,0.8334362127601771,False,49089156,-0.00029748076635791395,1.0001953098291,1.0187317656118466e-10
3,screen,s06_grid,s06_grid,regular_grid,0,4.1,8e-05,-17.1948749688398,2000000,3,6000000,12,200.0,4.0441553370121055e-05,6.387587631072019e-05,5.086764483106535e-05,0.6331271789273881,0.7950349088193488,0.6331271789273881,16.515654921631373,16.49974157041292,16.49974157041292,4.43576666274036,3.6486247616010954,3.6486247616010954,1.415532246595314,1.1719061978625094,1.1719061978625094,2.3916337314389664,1.9801072197769944,1.9801072197769944,0.31886389550712846,0.41522848944791796,0.31886389550712846,0.6331271789273881,0.7950349088193488,0.6331271789273881,0.7897540862343548,False,51009678,-0.000633488911289173,1.001213387807522,1.170095131897142e-10
16,refine,r08_grid,r08_grid,regular_grid,0,4.2,4e-05,-17.1948749688398,2000000,3,6000000,12,200.0,2.015782245728478e-05,1.6880140575206716e-05,1.296204632624325e-05,1.194173849884418,1.5551419852953927,1.194173849884418,14.207907578098117,16.59523005547066,14.207907578098117,3.4107479185727545,3.103766203213035,3.103766203213035,1.170961164811573,1.5673324486620748,1.170961164811573,1.965196395514869,2.492003410953159,1.965196395514869,0.6898949269879745,0.9074309088334445,0.6898949269879745,1.194173849884418,1.5551419852953927,1.194173849884418,0.6979492972556687,False,51786681,-0.00017455495751733755,1.000148528543457,1.1793410692462203e-10
4,screen,s13_grid,s13_grid,regular_grid,0,4.7,6e-05,-17.1948749688398,2000000,3,6000000,12,200.0,2.9996350778177588e-05,3.916821240682832e-05,3.354170477984675e-05,0.7658340510058158,0.8943001250252683,0.7658340510058158,13.120060639459599,17.553781209158874,13.120060639459599,4.179152557387056,3.3490282439505576,3.3490282439505576,1.1466085231251566,1.2696236377814714,1.1466085231251566,1.9579781437798411,2.1058445420348777,1.9579781437798411,0.39966967805460085,0.47229475110971086,0.39966967805460085,0.7658340510058158,0.8943001250252683,0.7658340510058158,0.8928282081575339,False,52169217,-0.0004517443287051825,1.0011411579925082,1.1871481575553844e-10
5,screen,s05_grid,s05_grid,regular_grid,0,4.1,6e-05,-17.1948749688398,2000000,3,6000000,12,200.0,3.0310418096038723e-05,3.176458005297673e-05,3.4567212149418356e-05,0.9542206459360468,0.8768545743585151,0.8768545743585151,13.846711269114188,15.545355447727742,13.846711269114188,3.6029081021286524,4.375992910648901,3.6029081021286524,1.1249305779257404,1.274219337466603,1.1249305779257404,1.9087190243806293,2.1701773056591303,1.9087190243806293,0.518559158364501,0.45816387047018764,0.45816387047018764,0.9542206459360468,0.8768545743585151,0.8768545743585151,0.8716215969851047,False,54896669,-0.0003219475937488749,1.00073704966164,1.1891820861364977e-10
6,screen,s18_random,s18_random,random,20260811,3.872238,7.6121e-05,-17.1948749688398,2000000,3,6000000,12,200.0,3.863718372338435e-05,5.338899194363804e-05,4.7150413064332956e-05,0.7236919506585373,0.8194452861031569,0.7236919506585373,15.84664450728842,15.553814936883539,15.553814936883539,3.5938478178928532,3.920568382129074,3.5938478178928532,1.1054920583618992,1.2587100841743815,1.1054920583618992,1.8804148054082248,2.127489438861757,1.8804148054082248,0.37649446533235736,0.4262527102087939,0.37649446533235736,0.7236919506585373,0.8194452861031569,0.7236919506585373,0.8146383480100369,False,56561729,-0.000570053855489108,1.00095862558177,1.0516476578459333e-10
7,screen,s17_random,s17_random,random,20260811,3.738865,5.9544e-05,-17.1948749688398,2000000,3,6000000,12,200.0,3.02790046006842e-05,2.5592172718451176e-05,3.1636867948841915e-05,1.1831353646208382,0.9570797162869146,0.9570797162869146,14.076383003822968,16.035982549276525,14.076383003822968,4.02912561230229,3.604847196997702,3.604847196997702,1.5445958104444073,1.094485742024214,1.094485742024214,2.554210560176769,1.8628247102427666,1.8628247102427666,0.6336289415944889,0.523898016151027,0.523898016151027,1.1831353646208382,0.9570797162869146,0.9570797162869146,0.8165822144325169,False,57634963,-0.0003670885161364957,1.0004943177588632,1.1035616864774056e-10
8,screen,s09_grid,s09_grid,regular_grid,0,4.4,6e-05,-17.1948749688398,2000000,3,6000000,12,200.0,3.015033354583894e-05,2.724395428692773e-05,3.909138551602656e-05,1.1066797876806655,0.7712782022903231,0.7712782022903231,12.920352741329902,16.198206491810108,12.920352741329902,3.1693149536244727,3.5322026779028914,3.1693149536244727,1.1130062277566983,1.4005885392912656,1.1130062277566983,1.8598210199958993,2.305984705004439,1.8598210199958993,0.6342386792577569,0.3957833598594804,0.3957833598594804,1.1066797876806655,0.7712782022903231,0.7712782022903231,0.6839642938905526,False,57821279,-0.00034869187488977227,1.0004924087138944,1.1862955062724723e-10
9,screen,s14_grid,s14_grid,regular_grid,0,4.7,8e-05,-17.1948749688398,2000000,3,6000000,12,200.0,4.001692454370204e-05,6.51924280129899e-05,6.599591755009785e-05,0.613827798156689,0.6063545447841524,0.6063545447841524,17.063352083551255,16.0817299485994,16.0817299485994,2.8681125384087585,3.737439916617137,2.8681125384087585,1.373516341847057,1.0541445842182648,1.0541445842182648,2.1950772215228262,1.7979646045698678,1.7979646045698678,0.3106149555904182,0.3112473649835576,0.3106149555904182,0.613827798156689,0.6063545447841524,0.6063545447841524,0.695870818365489,False,61868235,-0.0006644503414928191,1.0009649103272196,1.1638068286856651e-10
10,screen,s02_grid,s02_grid,regular_grid,0,3.8,8e-05,-17.1948749688398,2000000,3,6000000,12,200.0,4.066720686977456e-05,6.599034866963636e-05,5.313140123784594e-05,0.6162599181490074,0.7654081376044525,0.6162599181490074,16.019474047415876,16.61173466717339,16.019474047415876,3.6570457452394174,3.4290241434713815,3.4290241434713815,0.9680945350218176,1.0428217213941517,0.9680945350218176,1.6630029383897686,1.7733438161770432,1.6630029383897686,0.31930127272936065,0.4050070233603574,0.31930127272936065,0.6162599181490074,0.7654081376044525,0.6162599181490074,0.5586950498038363,False,72317593,-0.0007178255847010615,1.0015453421611533,1.1672618427382986e-10
5,pilot,p04_center_b16,center,replica_control,0,4.0,0.00017,-17.1948749688398,8000000,3,24000000,16,200.0,8.638282476130603e-05,0.0001577312150959821,0.0001657706182719966,0.5476583991871274,0.5210985255515487,0.5210985255515487,34.90246532933896,40.20824290436605,34.90246532933896,6.873566439209693,5.698659167976444,5.698659167976444,0.9394092722129463,1.2060912962678862,0.9394092722129463,1.6523270973075215,2.09469112999214,1.6523270973075215,0.28027404412335466,0.2620425330000786,0.2620425330000786,0.5476583991871274,0.5210985255515487,0.5210985255515487,0.49535197628568267,False,293020454,-0.0020500048199859717,1.0049382514080734,1.0231540059635336e-09
11,screen,s11_grid,s11_grid,regular_grid,0,4.4,0.0001,-17.1948749688398,2000000,3,6000000,12,200.0,5.031210259092058e-05,6.889835358950332e-05,9.184425985513967e-05,0.7302366452858989,0.5477980079568912,0.5477980079568912,18.60673177381894,16.801329935714996,16.801329935714996,3.5108235082259807,3.644247817245527,3.5108235082259807,0.9602742031664487,0.9684991691775447,0.9602742031664487,1.643665435090688,1.6616673581267372,1.643665435090688,0.38783193658458626,0.280405388585364,0.280405388585364,0.7302366452858989,0.5477980079568912,0.5477980079568912,0.6526758253647845,False,74029217,-0.0012663886675750734,1.0016354287699047,1.1887468787108446e-10
12,screen,s10_grid,s10_grid,regular_grid,0,4.4,8e-05,-17.1948749688398,2000000,3,6000000,12,200.0,4.0224913423651054e-05,6.153823437590167e-05,6.248306537501392e-05,0.6536572560392325,0.6437730476606294,0.6437730476606294,17.097895601950725,17.11174655627341,17.097895601950725,2.775747104597772,3.3375776964604573,2.775747104597772,0.9796740417202119,1.1837505504567218,0.9796740417202119,1.6420906505269612,1.9783850513639711,1.6420906505269612,0.3421421748457407,0.3293891510075767,0.3293891510075767,0.6536572560392325,0.6437730476606294,0.6437730476606294,0.8061382114443648,False,74171275,-0.0005994262217324235,1.000819192367829,1.1680434397476347e-10
13,screen,s07_grid,s07_grid,regular_grid,0,4.1,0.0001,-17.1948749688398,2000000,3,6000000,12,200.0,5.058699442110022e-05,0.0001194470384160859,9.143919532384412e-05,0.42350982570939727,0.553230966676157,0.42350982570939727,16.552012070530253,16.659103937980063,16.552012070530253,3.4615813675998957,3.2689968011535733,3.2689968011535733,1.1355960700167325,0.9018171651520939,0.9018171651520939,1.919290406185217,1.547402471800071,1.547402471800071,0.21166748833122648,0.28471402490509967,0.21166748833122648,0.42350982570939727,0.553230966676157,0.42350982570939727,0.6633793043209503,False,83526335,-0.0009985788515342758,1.0025409404774879,1.1821033041314877e-10
14,screen,s03_grid,s03_grid,regular_grid,0,3.8,0.0001,-17.1948749688398,2000000,3,6000000,12,200.0,5.087402813440629e-05,7.01240273911825e-05,9.483843435897148e-05,0.7254863992709476,0.5364283845286163,0.5364283845286163,16.738113113902102,16.05164098991712,16.05164098991712,2.5357331668792567,3.2184903294396103,2.5357331668792567,0.8602924894431172,0.8722120405539543,0.8602924894431172,1.4484774243669456,1.4955300888076408,1.4484774243669456,0.39545419547840394,0.2768094493598011,0.2768094493598011,0.7254863992709476,0.5364283845286163,0.5364283845286163,0.5264038920723143,False,95324939,-0.0010999429773971123,1.0014197034310757,1.1881606809538425e-10
6,pilot,p02_center_b08,center,replica_control,0,4.0,0.00017,-17.1948749688398,8000000,3,24000000,8,200.0,8.638282476130603e-05,0.0002977525962083,0.00026350359817554756,0.290116109351654,0.32782408042776445,0.290116109351654,27.79710791714812,25.248118174875533,25.248118174875533,3.408317575098325,3.041643821160307,3.041643821160307,1.0011362705179885,0.8038677554723757,0.8038677554723757,1.7062945994838243,1.3805707580189128,1.3805707580189128,0.14413610132026553,0.16458078650671357,0.14413610132026553,0.290116109351654,0.32782408042776445,0.290116109351654,0.43385395975031293,False,419732547,-0.0019869622158131756,1.0023985037194858,5.588995932725993e-10
15,screen,s04_grid,s04_grid,regular_grid,0,3.8,0.00012,-17.1948749688398,2000000,3,6000000,12,200.0,6.109758348061989e-05,0.00017420441517420723,0.00015618760973899718,0.350723507320531,0.3911807318308998,0.350723507320531,17.107580031674136,14.98684958666141,14.98684958666141,2.423622484625969,2.8634250573733455,2.423622484625969,0.7728366182869262,0.8243843832871204,0.7728366182869262,1.3080766920155675,1.4074131385728674,1.3080766920155675,0.176823269041962,0.1978223643034945,0.176823269041962,0.350723507320531,0.3911807318308998,0.350723507320531,0.48117088406214625,False,116886292,-0.0018997415984293605,1.0037689876544726,1.0361667079905601e-10
16,screen,s12_grid,s12_grid,regular_grid,0,4.4,0.00012,-17.1948749688398,2000000,3,6000000,12,200.0,6.041212498452999e-05,0.00012030595838751637,0.00016301546411742892,0.5021540561601868,0.3705913749447221,0.3705913749447221,19.998111653728724,15.674439314021189,15.674439314021189,2.9444616820018696,2.8379082435303333,2.8379082435303333,0.9611633872050389,0.732662612293038,0.732662612293038,1.6220365050550967,1.2588433362113158,1.2588433362113158,0.2557083895357589,0.18822650799088603,0.18822650799088603,0.5021540561601868,0.3705913749447221,0.3705913749447221,0.4384683445507763,False,126207925,-0.002545465432048209,1.0029306691571394,1.0272227513041798e-10
17,screen,s16_grid,s16_grid,regular_grid,0,4.7,0.00012,-17.1948749688398,2000000,3,6000000,12,200.0,6.0091830392658794e-05,0.00011926550884817245,0.00013189632530850957,0.5038491930567871,0.4555989733004475,0.4555989733004475,15.180749811262352,15.552028779719086,15.180749811262352,3.302809951544269,2.6942421376866053,2.6942421376866053,0.799033465472202,0.7244157193611376,0.7244157193611376,1.3771829817383023,1.2405246639071226,1.2405246639071226,0.259883059946447,0.23619225056726934,0.23619225056726934,0.5038491930567871,0.4555989733004475,0.4555989733004475,0.5295898391012724,False,129962839,-0.001900120026768447,1.001784693143164,1.0390355242861915e-10
18,screen,s15_grid,s15_grid,regular_grid,0,4.7,0.0001,-17.1948749688398,2000000,3,6000000,12,200.0,5.0048691643695366e-05,0.00010767386182538765,0.00011579346385406477,0.46481746633048454,0.4322238058857281,0.4322238058857281,19.944127714131934,16.803670039582627,16.803670039582627,2.848419454713789,3.019095614576903,2.848419454713789,0.7023150401863105,0.9088060920702506,0.7023150401863105,1.210066919002509,1.5440912968738225,1.210066919002509,0.2421740829170081,0.21879176222354707,0.21879176222354707,0.46481746633048454,0.4322238058857281,0.4322238058857281,0.4215040272212685,False,136587583,-0.0008781490970746708,1.0014886937295937,1.1894485396624077e-10
19,screen,s08_grid,s08_grid,regular_grid,0,4.1,0.00012,-17.1948749688398,2000000,3,6000000,12,200.0,6.0747024612119254e-05,0.0001919328227375996,0.00013588255993430748,0.3165014912283626,0.4470553442729328,0.3165014912283626,15.177624898405996,15.099486752894009,15.099486752894009,2.7516752820909134,3.025310208042386,2.7516752820909134,0.6956905333637822,0.7622505082482927,0.6956905333637822,1.1984357476534975,1.3141909390059385,1.1984357476534975,0.1594703323589235,0.2296903750648277,0.1594703323589235,0.3165014912283626,0.4470553442729328,0.3165014912283626,0.4321832305719895,False,139251694,-0.00226593406021043,1.0020547438437126,1.0457323895707304e-10
7,pilot,p07_random_03,random03,random,20260810,4.689026,0.000207282,-17.1948749688398,8000000,3,24000000,12,200.0,0.00010407954638118775,0.0005059042563326567,0.0003508125458914264,0.2057297306325693,0.2966813690106725,0.2057297306325693,33.223889903175404,29.634309545416837,29.634309545416837,4.130660669494472,4.322863648562821,4.130660669494472,0.637172694307338,0.7155330348219938,0.637172694307338,1.1166234123002503,1.2523384481287474,1.1166234123002503,0.102323633841301,0.14905632571358007,0.102323633841301,0.2057297306325693,0.2966813690106725,0.2057297306325693,0.3599242348423523,False,641617984,-0.006684042310859686,1.008467057033537,8.042144727937739e-10
20,screen,s20_random,s20_random,random,20260811,4.081208,0.000127936,-17.1948749688398,2000000,3,6000000,12,200.0,6.480569002267457e-05,0.0002184273287021652,0.00018666154743019942,0.2966922244012783,0.3471828607169783,0.2966922244012783,18.766013041797514,16.64927573330806,16.64927573330806,3.208086698860481,2.639250436528338,2.639250436528338,0.5771183068100801,0.7397962880852834,0.5771183068100801,1.0089982513624365,1.2653857003546487,1.0089982513624365,0.15048093959698405,0.1753471817927713,0.15048093959698405,0.2966922244012783,0.3471828607169783,0.2966922244012783,0.327705042369218,False,196448705,-0.0023468492223102898,1.0064815418696234,1.1581935410731603e-10
8,pilot,p01_center_b04,center,replica_control,0,4.0,0.00017,-17.1948749688398,8000000,3,24000000,4,200.0,8.638282476130603e-05,0.0004292778181896264,0.0004069371745929282,0.20122825149830556,0.2122755800025334,0.20122825149830556,15.312800038384417,21.218831668477783,15.312800038384417,2.971214688736345,2.665098820452325,2.665098820452325,0.49119387852704266,0.47760701165780506,0.47760701165780506,0.8603303222352989,0.83520334416475,0.83520334416475,0.10098777247887157,0.10691711109116235,0.10098777247887157,0.20122825149830556,0.2122755800025334,0.20122825149830556,0.2665379718481615,False,1146847146,-0.006395542215539363,1.0109587786873155,1.575122254848793e-10
