stage,case_id,window,wc_eV,eta,back_replicas,Q_accuracy,Q_repeat,Q_conservative
fine,f01_grid,0-10,3.2,3.4e-05,12,143.65752387607202,124.54052786662254,124.54052786662254
fine,f01_grid,10-20,3.2,3.4e-05,12,51.937926154719825,49.95956135517255,49.95956135517255
fine,f01_grid,20-30,3.2,3.4e-05,12,16.35412846347012,17.626755673894863,16.35412846347012
fine,f01_grid,30-40,3.2,3.4e-05,12,11.71981407109284,11.825680397153919,11.71981407109284
fine,f01_grid,40-50,3.2,3.4e-05,12,7.288699025037051,8.207632129251786,7.288699025037051
fine,f01_grid,50-60,3.2,3.4e-05,12,5.967725062804564,6.725888028638052,5.967725062804564
fine,f01_grid,60-70,3.2,3.4e-05,12,4.54518069982041,3.741595587237059,3.741595587237059
fine,f01_grid,70-80,3.2,3.4e-05,12,3.17980604463079,4.839168295833474,3.17980604463079
fine,f01_grid,80-90,3.2,3.4e-05,12,3.131581925130439,3.236656829124765,3.131581925130439
fine,f01_grid,90-100,3.2,3.4e-05,12,3.1099230455153397,2.4321081370073894,2.4321081370073894
fine,f01_grid,100-110,3.2,3.4e-05,12,2.801431620774729,2.6500460913734236,2.6500460913734236
fine,f01_grid,110-120,3.2,3.4e-05,12,2.098197094413719,2.1234047778061713,2.098197094413719
fine,f01_grid,120-130,3.2,3.4e-05,12,1.2429742881778638,1.497845714373574,1.2429742881778638
fine,f01_grid,130-140,3.2,3.4e-05,12,1.2314469181856904,1.6424892139693184,1.2314469181856904
fine,f01_grid,140-150,3.2,3.4e-05,12,1.637974216441174,1.4560692860729418,1.4560692860729418
fine,f02_grid,0-10,3.2,4e-05,12,158.21336323866475,141.62633912229128,141.62633912229128
fine,f02_grid,10-20,3.2,4e-05,12,40.58751901877857,44.33930819307741,40.58751901877857
fine,f02_grid,20-30,3.2,4e-05,12,16.21011561033134,16.369394921815555,16.21011561033134
fine,f02_grid,30-40,3.2,4e-05,12,12.066407083055,11.591404428467024,11.591404428467024
fine,f02_grid,40-50,3.2,4e-05,12,6.823711759271832,6.262550357054004,6.262550357054004
fine,f02_grid,50-60,3.2,4e-05,12,6.3996918659212785,6.054505365084453,6.054505365084453
fine,f02_grid,60-70,3.2,4e-05,12,4.670805669058986,5.466432409507938,4.670805669058986
fine,f02_grid,70-80,3.2,4e-05,12,3.7409974858909627,6.157752265087977,3.7409974858909627
fine,f02_grid,80-90,3.2,4e-05,12,4.809445733857698,3.241175204729188,3.241175204729188
fine,f02_grid,90-100,3.2,4e-05,12,2.0133348674772495,3.0254607095587267,2.0133348674772495
fine,f02_grid,100-110,3.2,4e-05,12,2.2890036817957267,2.249355315444279,2.249355315444279
fine,f02_grid,110-120,3.2,4e-05,12,2.484736039695302,2.26256337173997,2.26256337173997
fine,f02_grid,120-130,3.2,4e-05,12,2.3721901884898755,1.5675729123334203,1.5675729123334203
fine,f02_grid,130-140,3.2,4e-05,12,2.3381401506266624,1.6283821359064274,1.6283821359064274
fine,f02_grid,140-150,3.2,4e-05,12,1.552820397554529,1.0886980541918627,1.0886980541918627
fine,f03_grid,0-10,3.2,4.6e-05,12,140.69353183772373,124.91396165101455,124.91396165101455
fine,f03_grid,10-20,3.2,4.6e-05,12,48.073629290128956,49.6035683575827,48.073629290128956
fine,f03_grid,20-30,3.2,4.6e-05,12,16.307115070252383,17.12396493833391,16.307115070252383
fine,f03_grid,30-40,3.2,4.6e-05,12,12.822337172602474,12.038548986185308,12.038548986185308
fine,f03_grid,40-50,3.2,4.6e-05,12,7.685891290283589,7.196436637574807,7.196436637574807
fine,f03_grid,50-60,3.2,4.6e-05,12,5.237176682353728,7.188936339844642,5.237176682353728
fine,f03_grid,60-70,3.2,4.6e-05,12,6.362977690126191,5.426111959183011,5.426111959183011
fine,f03_grid,70-80,3.2,4.6e-05,12,4.863701575572026,4.462607544013437,4.462607544013437
fine,f03_grid,80-90,3.2,4.6e-05,12,3.0562616427722684,3.6276679699287087,3.0562616427722684
fine,f03_grid,90-100,3.2,4.6e-05,12,3.9969294702544342,3.1826468058009176,3.1826468058009176
fine,f03_grid,100-110,3.2,4.6e-05,12,2.6540798470343465,2.320877705128225,2.320877705128225
fine,f03_grid,110-120,3.2,4.6e-05,12,2.966808132935719,1.6295519702632275,1.6295519702632275
fine,f03_grid,120-130,3.2,4.6e-05,12,1.986667991648267,1.3070241061972545,1.3070241061972545
fine,f03_grid,130-140,3.2,4.6e-05,12,1.6544256196125577,1.1426574478814175,1.1426574478814175
fine,f03_grid,140-150,3.2,4.6e-05,12,1.2913006429009584,0.9516452228950003,0.9516452228950003
fine,f04_grid,0-10,3.4,3.4e-05,12,129.26858937506736,158.15010513449033,129.26858937506736
fine,f04_grid,10-20,3.4,3.4e-05,12,48.89772670406682,42.93596029632102,42.93596029632102
fine,f04_grid,20-30,3.4,3.4e-05,12,16.204882701896242,14.96279749069744,14.96279749069744
fine,f04_grid,30-40,3.4,3.4e-05,12,10.18895775329994,10.245349878893455,10.18895775329994
fine,f04_grid,40-50,3.4,3.4e-05,12,7.558521452441695,7.437985946592105,7.437985946592105
fine,f04_grid,50-60,3.4,3.4e-05,12,5.395514119753291,7.041609692365179,5.395514119753291
fine,f04_grid,60-70,3.4,3.4e-05,12,6.557637172312307,4.938135872067656,4.938135872067656
fine,f04_grid,70-80,3.4,3.4e-05,12,3.597898532899459,3.53467500577527,3.53467500577527
fine,f04_grid,80-90,3.4,3.4e-05,12,4.807528099488195,4.514879433942847,4.514879433942847
fine,f04_grid,90-100,3.4,3.4e-05,12,4.133227895932578,2.479936379551545,2.479936379551545
fine,f04_grid,100-110,3.4,3.4e-05,12,2.9605526130408424,2.0585928094282604,2.0585928094282604
fine,f04_grid,110-120,3.4,3.4e-05,12,3.096398267689833,2.6342761437939815,2.6342761437939815
fine,f04_grid,120-130,3.4,3.4e-05,12,2.385735328470995,1.202649315100913,1.202649315100913
fine,f04_grid,130-140,3.4,3.4e-05,12,1.3920059934241484,0.9901719608177978,0.9901719608177978
fine,f04_grid,140-150,3.4,3.4e-05,12,1.0396190215730268,1.33069287334931,1.0396190215730268
fine,f05_grid,0-10,3.4,4e-05,12,140.55216896306027,124.6002635893353,124.6002635893353
fine,f05_grid,10-20,3.4,4e-05,12,46.05174075955725,43.44080452727588,43.44080452727588
fine,f05_grid,20-30,3.4,4e-05,12,15.802422850003024,17.389606876091253,15.802422850003024
fine,f05_grid,30-40,3.4,4e-05,12,12.475967323146632,13.107122793559146,12.475967323146632
fine,f05_grid,40-50,3.4,4e-05,12,7.548424784424253,7.528331373578467,7.528331373578467
fine,f05_grid,50-60,3.4,4e-05,12,6.148175821784204,6.679385265831657,6.148175821784204
fine,f05_grid,60-70,3.4,4e-05,12,5.250669619911431,4.723878383728399,4.723878383728399
fine,f05_grid,70-80,3.4,4e-05,12,4.730270422200154,3.582443042472065,3.582443042472065
fine,f05_grid,80-90,3.4,4e-05,12,3.8696281151445686,3.330187343217315,3.330187343217315
fine,f05_grid,90-100,3.4,4e-05,12,2.504470722660911,1.8696625684947603,1.8696625684947603
fine,f05_grid,100-110,3.4,4e-05,12,2.356508508952762,2.317317527070253,2.317317527070253
fine,f05_grid,110-120,3.4,4e-05,12,2.053823003088054,2.864187183090928,2.053823003088054
fine,f05_grid,120-130,3.4,4e-05,12,1.8051744575964745,2.140614501762753,1.8051744575964745
fine,f05_grid,130-140,3.4,4e-05,12,2.1015227614683214,1.624785082156389,1.624785082156389
fine,f05_grid,140-150,3.4,4e-05,12,1.1910712513610804,0.9738335142040266,0.9738335142040266
fine,f06_grid,0-10,3.4,4.6e-05,12,128.27719282251266,131.38266833876534,128.27719282251266
fine,f06_grid,10-20,3.4,4.6e-05,12,53.39855998554448,50.45592919118734,50.45592919118734
fine,f06_grid,20-30,3.4,4.6e-05,12,18.243281795679962,17.522467922804175,17.522467922804175
fine,f06_grid,30-40,3.4,4.6e-05,12,11.579608804283453,12.32543715126081,11.579608804283453
fine,f06_grid,40-50,3.4,4.6e-05,12,7.869173997086007,7.677440726867575,7.677440726867575
fine,f06_grid,50-60,3.4,4.6e-05,12,7.4942029055298,7.396139046090176,7.396139046090176
fine,f06_grid,60-70,3.4,4.6e-05,12,5.990106095927742,4.987749876670791,4.987749876670791
fine,f06_grid,70-80,3.4,4.6e-05,12,3.918525089430436,4.018867452324302,3.918525089430436
fine,f06_grid,80-90,3.4,4.6e-05,12,3.8295593009300966,3.4653227122110373,3.4653227122110373
fine,f06_grid,90-100,3.4,4.6e-05,12,3.386284309561559,3.339197114451963,3.339197114451963
fine,f06_grid,100-110,3.4,4.6e-05,12,3.1081062608131518,2.3835018697410377,2.3835018697410377
fine,f06_grid,110-120,3.4,4.6e-05,12,1.9793838628944336,2.719935550357288,1.9793838628944336
fine,f06_grid,120-130,3.4,4.6e-05,12,1.6969203053372857,1.6662201639229608,1.6662201639229608
fine,f06_grid,130-140,3.4,4.6e-05,12,1.7200657358613707,0.865874519538389,0.865874519538389
fine,f06_grid,140-150,3.4,4.6e-05,12,0.6702682023591215,0.84364992050029,0.6702682023591215
fine,f07_grid,0-10,3.6,3.4e-05,12,133.68016839572783,117.65850765955041,117.65850765955041
fine,f07_grid,10-20,3.6,3.4e-05,12,47.1301236932661,46.690576628578334,46.690576628578334
fine,f07_grid,20-30,3.6,3.4e-05,12,17.07204759300098,16.030826201105626,16.030826201105626
fine,f07_grid,30-40,3.6,3.4e-05,12,11.794334376454325,11.118666112654946,11.118666112654946
fine,f07_grid,40-50,3.6,3.4e-05,12,7.018482639111018,7.751525974076757,7.018482639111018
fine,f07_grid,50-60,3.6,3.4e-05,12,6.535461131870188,5.861987875746733,5.861987875746733
fine,f07_grid,60-70,3.6,3.4e-05,12,3.248721219085107,5.63723702069287,3.248721219085107
fine,f07_grid,70-80,3.6,3.4e-05,12,3.6902381896325793,3.619559190359149,3.619559190359149
fine,f07_grid,80-90,3.6,3.4e-05,12,3.156453424330778,3.173338002017032,3.156453424330778
fine,f07_grid,90-100,3.6,3.4e-05,12,3.102770086501081,2.7426934630459265,2.7426934630459265
fine,f07_grid,100-110,3.6,3.4e-05,12,2.5777622348034233,2.9326564955158,2.5777622348034233
fine,f07_grid,110-120,3.6,3.4e-05,12,2.2454667476963706,2.0165423081564295,2.0165423081564295
fine,f07_grid,120-130,3.6,3.4e-05,12,1.6125918514790154,2.230420524346459,1.6125918514790154
fine,f07_grid,130-140,3.6,3.4e-05,12,0.9653814262391253,1.3510064183782688,0.9653814262391253
fine,f07_grid,140-150,3.6,3.4e-05,12,1.5681362794882345,0.824458455440937,0.824458455440937
fine,f08_grid,0-10,3.6,4e-05,12,144.54097574548257,137.78618547719887,137.78618547719887
fine,f08_grid,10-20,3.6,4e-05,12,46.633550626676005,45.91821692108145,45.91821692108145
fine,f08_grid,20-30,3.6,4e-05,12,16.17245932009416,19.370785020860822,16.17245932009416
fine,f08_grid,30-40,3.6,4e-05,12,14.811351342609647,12.31886462557639,12.31886462557639
fine,f08_grid,40-50,3.6,4e-05,12,8.97561697226973,8.333867652009209,8.333867652009209
fine,f08_grid,50-60,3.6,4e-05,12,5.759934136451401,8.264055197719129,5.759934136451401
fine,f08_grid,60-70,3.6,4e-05,12,6.055381188740726,5.550975469306203,5.550975469306203
fine,f08_grid,70-80,3.6,4e-05,12,4.6027692855689715,4.964754169484158,4.6027692855689715
fine,f08_grid,80-90,3.6,4e-05,12,3.5118220986989486,2.9797853736317204,2.9797853736317204
fine,f08_grid,90-100,3.6,4e-05,12,3.006794822794293,3.4875489856221926,3.006794822794293
fine,f08_grid,100-110,3.6,4e-05,12,3.0573296323832175,2.9154057545212755,2.9154057545212755
fine,f08_grid,110-120,3.6,4e-05,12,2.1793236176242052,2.3298155228955926,2.1793236176242052
fine,f08_grid,120-130,3.6,4e-05,12,1.3484134075641014,3.8683307088049355,1.3484134075641014
fine,f08_grid,130-140,3.6,4e-05,12,0.9464644256629703,1.7912703742737797,0.9464644256629703
fine,f08_grid,140-150,3.6,4e-05,12,0.8027467361433057,1.2725520014542484,0.8027467361433057
fine,f09_grid,0-10,3.6,4.6e-05,12,119.57797662460274,131.2556999214937,119.57797662460274
fine,f09_grid,10-20,3.6,4.6e-05,12,46.34904987760409,55.13911060378352,46.34904987760409
fine,f09_grid,20-30,3.6,4.6e-05,12,15.059525348731336,17.497964587401714,15.059525348731336
fine,f09_grid,30-40,3.6,4.6e-05,12,12.02069660043821,12.748860817818016,12.02069660043821
fine,f09_grid,40-50,3.6,4.6e-05,12,7.446328737259754,8.640863142190064,7.446328737259754
fine,f09_grid,50-60,3.6,4.6e-05,12,8.728500475761344,6.877613798239323,6.877613798239323
fine,f09_grid,60-70,3.6,4.6e-05,12,6.058743018483623,6.47774643534567,6.058743018483623
fine,f09_grid,70-80,3.6,4.6e-05,12,3.0337277498255046,4.223019386289205,3.0337277498255046
fine,f09_grid,80-90,3.6,4.6e-05,12,2.773113079579032,3.3130302845987836,2.773113079579032
fine,f09_grid,90-100,3.6,4.6e-05,12,3.268304628863064,2.487833287930718,2.487833287930718
fine,f09_grid,100-110,3.6,4.6e-05,12,1.936041655375268,3.269933664093237,1.936041655375268
fine,f09_grid,110-120,3.6,4.6e-05,12,2.0005725613455514,1.5744506156641727,1.5744506156641727
fine,f09_grid,120-130,3.6,4.6e-05,12,1.498099974314653,1.185901821679975,1.185901821679975
fine,f09_grid,130-140,3.6,4.6e-05,12,1.4178524602032634,1.2196320259883324,1.2196320259883324
fine,f09_grid,140-150,3.6,4.6e-05,12,1.370191642718677,1.1649098620466656,1.1649098620466656
fine,f10_random,0-10,3.744152,3.556e-05,12,132.21504326492678,144.36005639176864,132.21504326492678
fine,f10_random,10-20,3.744152,3.556e-05,12,48.47660745031324,44.05496103922032,44.05496103922032
fine,f10_random,20-30,3.744152,3.556e-05,12,16.93827106589085,19.024081699919204,16.93827106589085
fine,f10_random,30-40,3.744152,3.556e-05,12,11.589148948038869,11.281565066075213,11.281565066075213
fine,f10_random,40-50,3.744152,3.556e-05,12,8.567652178292184,7.634047035364836,7.634047035364836
fine,f10_random,50-60,3.744152,3.556e-05,12,5.9404725514773355,6.401193586158726,5.9404725514773355
fine,f10_random,60-70,3.744152,3.556e-05,12,5.149493162138526,4.910714512279706,4.910714512279706
fine,f10_random,70-80,3.744152,3.556e-05,12,4.2964264434831625,5.416475130265303,4.2964264434831625
fine,f10_random,80-90,3.744152,3.556e-05,12,4.546315974031356,4.030712187409444,4.030712187409444
fine,f10_random,90-100,3.744152,3.556e-05,12,3.359741344106113,3.3292616447177075,3.3292616447177075
fine,f10_random,100-110,3.744152,3.556e-05,12,4.000748956896734,2.897194324601849,2.897194324601849
fine,f10_random,110-120,3.744152,3.556e-05,12,1.832798521623977,1.6314737055392807,1.6314737055392807
fine,f10_random,120-130,3.744152,3.556e-05,12,0.9416234629766426,1.6515198509063522,0.9416234629766426
fine,f10_random,130-140,3.744152,3.556e-05,12,1.4652222613772896,1.3423204891620757,1.3423204891620757
fine,f10_random,140-150,3.744152,3.556e-05,12,1.1535140883233124,1.4189554308262353,1.1535140883233124
fine,f11_random,0-10,3.680172,3.9056e-05,12,137.75327323533267,139.1169704667501,137.75327323533267
fine,f11_random,10-20,3.680172,3.9056e-05,12,50.86964937190831,42.69606815020304,42.69606815020304
fine,f11_random,20-30,3.680172,3.9056e-05,12,20.31796223168866,17.104311625728098,17.104311625728098
fine,f11_random,30-40,3.680172,3.9056e-05,12,9.956880085154094,11.17208922939367,9.956880085154094
fine,f11_random,40-50,3.680172,3.9056e-05,12,7.119099780146484,8.4524020996945,7.119099780146484
fine,f11_random,50-60,3.680172,3.9056e-05,12,6.83332619334501,6.468747280256254,6.468747280256254
fine,f11_random,60-70,3.680172,3.9056e-05,12,6.1909942051127045,6.529267746142725,6.1909942051127045
fine,f11_random,70-80,3.680172,3.9056e-05,12,4.106688800451359,3.145758958662831,3.145758958662831
fine,f11_random,80-90,3.680172,3.9056e-05,12,3.15610976661491,3.322261103773945,3.15610976661491
fine,f11_random,90-100,3.680172,3.9056e-05,12,2.597787311583846,3.533493096008606,2.597787311583846
fine,f11_random,100-110,3.680172,3.9056e-05,12,3.159553590617243,1.6418415289722916,1.6418415289722916
fine,f11_random,110-120,3.680172,3.9056e-05,12,2.606415318698636,2.091340347204542,2.091340347204542
fine,f11_random,120-130,3.680172,3.9056e-05,12,0.9456431785704892,1.6837354043462123,0.9456431785704892
fine,f11_random,130-140,3.680172,3.9056e-05,12,1.633671564655447,1.6294143163265888,1.6294143163265888
fine,f11_random,140-150,3.680172,3.9056e-05,12,1.07292788346287,0.856166154123823,0.856166154123823
fine,f12_random,0-10,3.188146,3.218e-05,12,156.25576474519877,164.8397981971564,156.25576474519877
fine,f12_random,10-20,3.188146,3.218e-05,12,43.45273212996388,42.34109698753929,42.34109698753929
fine,f12_random,20-30,3.188146,3.218e-05,12,15.452032008199724,18.354368639222876,15.452032008199724
fine,f12_random,30-40,3.188146,3.218e-05,12,12.988746366698713,11.28777683032154,11.28777683032154
fine,f12_random,40-50,3.188146,3.218e-05,12,7.5045972417592095,7.570117020812829,7.5045972417592095
fine,f12_random,50-60,3.188146,3.218e-05,12,6.648437147565298,7.467886268198207,6.648437147565298
fine,f12_random,60-70,3.188146,3.218e-05,12,4.645401706329873,4.520427976379317,4.520427976379317
fine,f12_random,70-80,3.188146,3.218e-05,12,6.4848833834583886,4.431113834441217,4.431113834441217
fine,f12_random,80-90,3.188146,3.218e-05,12,4.920639491903425,2.7282380423832167,2.7282380423832167
fine,f12_random,90-100,3.188146,3.218e-05,12,2.904124797318108,2.878367698254744,2.878367698254744
fine,f12_random,100-110,3.188146,3.218e-05,12,1.944704288597408,2.5506327790963716,1.944704288597408
fine,f12_random,110-120,3.188146,3.218e-05,12,1.7567785315064743,2.0092021364003756,1.7567785315064743
fine,f12_random,120-130,3.188146,3.218e-05,12,2.6819307624685047,1.301789271561123,1.301789271561123
fine,f12_random,130-140,3.188146,3.218e-05,12,1.6309551493162426,1.272209334421556,1.272209334421556
fine,f12_random,140-150,3.188146,3.218e-05,12,1.1369812927547822,1.4322816536253546,1.1369812927547822
fine,f13_random,0-10,3.633074,3.8606e-05,12,155.14390712503078,148.18585059992802,148.18585059992802
fine,f13_random,10-20,3.633074,3.8606e-05,12,38.68570637915192,40.75829385676582,38.68570637915192
fine,f13_random,20-30,3.633074,3.8606e-05,12,14.611154803878215,17.46768608192709,14.611154803878215
fine,f13_random,30-40,3.633074,3.8606e-05,12,11.936948149993258,12.26129743651461,11.936948149993258
fine,f13_random,40-50,3.633074,3.8606e-05,12,8.735158677373816,6.9519120321834915,6.9519120321834915
fine,f13_random,50-60,3.633074,3.8606e-05,12,6.924885772730012,8.09621730647338,6.924885772730012
fine,f13_random,60-70,3.633074,3.8606e-05,12,5.052536605960838,5.093765053675415,5.052536605960838
fine,f13_random,70-80,3.633074,3.8606e-05,12,3.353335690699772,3.9400763533146206,3.353335690699772
fine,f13_random,80-90,3.633074,3.8606e-05,12,3.362350179593832,3.6310180255198206,3.362350179593832
fine,f13_random,90-100,3.633074,3.8606e-05,12,2.7316136289139896,2.6300569117720367,2.6300569117720367
fine,f13_random,100-110,3.633074,3.8606e-05,12,2.12020972951791,1.648141498943588,1.648141498943588
fine,f13_random,110-120,3.633074,3.8606e-05,12,2.1574782233617524,1.8600205691886573,1.8600205691886573
fine,f13_random,120-130,3.633074,3.8606e-05,12,3.051925417591929,1.2407134239122701,1.2407134239122701
fine,f13_random,130-140,3.633074,3.8606e-05,12,1.6970466183154964,1.500623160586857,1.500623160586857
fine,f13_random,140-150,3.633074,3.8606e-05,12,1.459218312419917,1.3287045138802327,1.3287045138802327
