catalog_id,generation,selection_status,version,case_id,wc_eV,eta,delE_eV,ntraj_per_repeat,independent_repeats,tmax,qm_signal_rms,poisson_rms_vs_qm,repeat_noise_of_mean_rms,Q_accuracy,Q_repeat,Q_conservative,Q_0_40,Q_40_end,Q_0_60,min_window_Q,projected_ntraj_Q10,selection_score,rank,source
coarse_c04_wc0p5_eta0p001,previous_grid,retained_top30,v0.61,c04_wc0p5_eta0p001,0.5,0.001,-17.1948749688398,500000,2,50.0,0.0005996398289119288,0.00027029314360559905,0.00028356597873540826,2.218479614070046,2.1146395332263923,2.1146395332263923,,,,1.0395964907486253,11181429,0.5195721847263746,1,v0.61 coarse grid with matching exact QM
coarse_c15_wc2_eta0p0003,previous_grid,retained_top30,v0.61,c15_wc2_eta0p0003,2.0,0.0003,-17.1948749688398,500000,2,50.0,0.00017001009830712989,4.6739984689362805e-05,4.38509479441794e-05,3.637358878849209,3.876999387186483,3.637358878849209,,,,1.8538732618868914,3779182,0.47586944716460655,2,v0.61 coarse grid with matching exact QM
coarse_c10_wc1_eta0p001,previous_grid,retained_top30,v0.61,c10_wc1_eta0p001,1.0,0.001,-17.1948749688398,500000,2,50.0,0.0005930416840857331,0.0003064566837838093,0.00028774622066224197,1.9351566321330294,2.0609886125380203,1.9351566321330294,,,,0.9805780428151654,13351737,0.47284961863791536,3,v0.61 coarse grid with matching exact QM
coarse_c22_wc4_eta0p001,previous_grid,retained_top30,v0.61,c22_wc4_eta0p001,4.0,0.001,-17.1948749688398,500000,2,50.0,0.0005466131605331147,0.0002927748744660858,0.0002806151889818914,1.867008436191586,1.947910098937619,1.867008436191586,,,,0.8821304693716998,14344237,0.43797632224989663,4,v0.61 coarse grid with matching exact QM
coarse_c09_wc1_eta0p0003,previous_grid,retained_top30,v0.61,c09_wc1_eta0p0003,1.0,0.0003,-17.1948749688398,500000,2,50.0,0.00017410577221005672,5.387019634034016e-05,4.915221125189995e-05,3.231949835677123,3.5421757795958113,3.231949835677123,,,,1.7821808761991864,4786751,0.42789331977266815,5,v0.61 coarse grid with matching exact QM
coarse_c03_wc0p5_eta0p0003,previous_grid,retained_top30,v0.61,c03_wc0p5_eta0p0003,0.5,0.0003,-17.1948749688398,500000,2,50.0,0.0001760651700983466,5.61618092875232e-05,5.0831202962461374e-05,3.1349625721096723,3.4637222776012204,3.1349625721096723,,,,1.6094620079161726,5087511,0.4173816924341218,6,v0.61 coarse grid with matching exact QM
coarse_c33_wc10_eta0p0003,previous_grid,retained_top30,v0.61,c33_wc10_eta0p0003,10.0,0.0003,-17.1948749688398,500000,2,50.0,0.0001481633573049844,4.367442206188902e-05,3.933695428094957e-05,3.3924514695358514,3.7665182781255186,3.3924514695358514,,,,1.6915700927354356,4344530,0.41433188802929183,7,v0.61 coarse grid with matching exact QM
coarse_c27_wc7_eta0p0003,previous_grid,retained_top30,v0.61,c27_wc7_eta0p0003,7.0,0.0003,-17.1948749688398,500000,2,50.0,0.00015285654348195902,4.070909040890497e-05,4.725100625664748e-05,3.7548503773133235,3.234990227545778,3.234990227545778,,,,1.627703470548357,4777758,0.40130937058420524,8,v0.61 coarse grid with matching exact QM
coarse_c28_wc7_eta0p001,previous_grid,retained_top30,v0.61,c28_wc7_eta0p001,7.0,0.001,-17.1948749688398,500000,2,50.0,0.0005125109460701683,0.0002569145833770462,0.0002948136395596081,1.9948690313076176,1.7384234556981686,1.7384234556981686,,,,0.8316442599022743,16544699,0.3948857446066021,9,v0.61 coarse grid with matching exact QM
coarse_c21_wc4_eta0p0003,previous_grid,retained_top30,v0.61,c21_wc4_eta0p0003,4.0,0.0003,-17.1948749688398,500000,2,50.0,0.00016202715907092248,4.0425070476884453e-05,5.334565339790704e-05,4.008086001076277,3.03730761084425,3.03730761084425,,,,1.528534598903859,5419915,0.3879243108254714,10,v0.61 coarse grid with matching exact QM
coarse_c16_wc2_eta0p001,previous_grid,retained_top30,v0.61,c16_wc2_eta0p001,2.0,0.001,-17.1948749688398,500000,2,50.0,0.0005778050956928509,0.0003206473125199016,0.000365784401204335,1.8019957540014884,1.579632958077063,1.579632958077063,,,,0.7324293241145031,20038151,0.3809878978502497,11,v0.61 coarse grid with matching exact QM
coarse_ref_old_v060_wc4_eta0p00013758,previous_grid,retained_top30,v0.61,ref_old_v060_wc4_eta0p00013758,4.0,0.00013758,-17.1948749688398,500000,2,50.0,7.411803427479462e-05,1.9698677155404544e-05,1.894672320310056e-05,3.7625894211104187,3.911918355500411,3.7625894211104187,,,,1.9817207285180136,3531802,0.3250222456563884,12,v0.61 coarse grid with matching exact QM
coarse_c02_wc0p5_eta0p0001,previous_grid,screened_out,v0.61,c02_wc0p5_eta0p0001,0.5,0.0001,-17.1948749688398,500000,2,50.0,5.840644642115474e-05,1.4007831981141895e-05,1.557171815827521e-05,4.169556466681259,3.7508029510613805,3.7508029510613805,,,,2.0108837688279464,3554034,0.28761991330294445,13,v0.61 coarse grid with matching exact QM
coarse_c08_wc1_eta0p0001,previous_grid,screened_out,v0.61,c08_wc1_eta0p0001,1.0,0.0001,-17.1948749688398,500000,2,50.0,5.774792560869565e-05,1.5344253986875447e-05,1.4839038845485545e-05,3.763488642594795,3.8916217020527712,3.763488642594795,,,,2.0477986695174737,3530115,0.28696115662848076,14,v0.61 coarse grid with matching exact QM
coarse_c26_wc7_eta0p0001,previous_grid,screened_out,v0.61,c26_wc7_eta0p0001,7.0,0.0001,-17.1948749688398,500000,2,50.0,5.0872652802521603e-05,1.3260593105209609e-05,1.190345670751482e-05,3.8363783881231956,4.27377139704343,3.8363783881231956,,,,2.2089516496753614,3397248,0.27455410309175193,15,v0.61 coarse grid with matching exact QM
coarse_c14_wc2_eta0p0001,previous_grid,screened_out,v0.61,c14_wc2_eta0p0001,2.0,0.0001,-17.1948749688398,500000,2,50.0,5.640527478194776e-05,1.4145850875829141e-05,1.6049753696886127e-05,3.9874077054160684,3.5144012704002527,3.5144012704002527,,,,1.888946052956316,4048250,0.2648350836286414,16,v0.61 coarse grid with matching exact QM
coarse_c34_wc10_eta0p001,previous_grid,screened_out,v0.61,c34_wc10_eta0p001,10.0,0.001,-17.1948749688398,500000,2,50.0,0.0004955565316208842,0.0004183802395752261,0.000319340384735915,1.1844644769170118,1.5518129096972648,1.1844644769170118,,,,0.5371311635080835,35639034,0.26456534312426344,17,v0.61 coarse grid with matching exact QM
coarse_c20_wc4_eta0p0001,previous_grid,screened_out,v0.61,c20_wc4_eta0p0001,4.0,0.0001,-17.1948749688398,500000,2,50.0,5.3841953407454766e-05,1.6638399812996152e-05,1.3005090711283218e-05,3.236005506094351,4.140067501470134,3.236005506094351,,,,1.542467342795471,4774760,0.23825057971534716,18,v0.61 coarse grid with matching exact QM
coarse_c32_wc10_eta0p0001,previous_grid,screened_out,v0.61,c32_wc10_eta0p0001,10.0,0.0001,-17.1948749688398,500000,2,50.0,4.934265751648449e-05,1.6240848644000017e-05,1.4885151693072712e-05,3.0381822156019864,3.314891143463973,3.0381822156019864,,,,1.4902848268614322,5416795,0.21413585681078015,19,v0.61 coarse grid with matching exact QM
coarse_c23_wc4_eta0p003,previous_grid,screened_out,v0.61,c23_wc4_eta0p003,4.0,0.003,-17.1948749688398,500000,2,50.0,0.0017114453648830728,0.003558416881767841,0.0038824522520505347,0.48095695972328495,0.44081556031478947,0.44081556031478947,,,,0.20477242968712786,257309708,0.1829796304821177,20,v0.61 coarse grid with matching exact QM
coarse_c17_wc2_eta0p003,previous_grid,screened_out,v0.61,c17_wc2_eta0p003,2.0,0.003,-17.1948749688398,500000,2,50.0,0.0018700766846648793,0.004565552150945277,0.0042856711551155155,0.4096058095136836,0.4363556178202556,0.4096058095136836,,,,0.21041853865558374,298014771,0.17772974825092008,21,v0.61 coarse grid with matching exact QM
coarse_c11_wc1_eta0p003,previous_grid,screened_out,v0.61,c11_wc1_eta0p003,1.0,0.003,-17.1948749688398,500000,2,50.0,0.0019467890535740638,0.004997675073848971,0.005088979724884193,0.38953894056876726,0.382549972454128,0.382549972454128,,,,0.2049493715199463,341659621,0.16936042429755005,22,v0.61 coarse grid with matching exact QM
coarse_c05_wc0p5_eta0p003,previous_grid,screened_out,v0.61,c05_wc0p5_eta0p003,0.5,0.003,-17.1948749688398,500000,2,50.0,0.001972976936630092,0.0045492428038182795,0.005315676913956555,0.43369347861013907,0.371161936394206,0.371161936394206,,,,0.19936788455007362,362946942,0.16542027798002745,23,v0.61 coarse grid with matching exact QM
coarse_c13_wc2_eta0p00003,previous_grid,screened_out,v0.61,c13_wc2_eta0p00003,2.0,3e-05,-17.1948749688398,500000,2,50.0,1.6895498655753933e-05,4.581428172454997e-06,4.800988022237176e-06,3.687823538811553,3.519171174245281,3.519171174245281,,,,1.922758799867114,4037284,0.14514103273046602,24,v0.61 coarse grid with matching exact QM
coarse_c25_wc7_eta0p00003,previous_grid,screened_out,v0.61,c25_wc7_eta0p00003,7.0,3e-05,-17.1948749688398,500000,2,50.0,1.5253633559485426e-05,3.867604070094956e-06,4.2647294045369905e-06,3.9439490917463336,3.576694348592902,3.576694348592902,,,,1.842648536357754,3908467,0.14016280920311833,25,v0.61 coarse grid with matching exact QM
coarse_c01_wc0p5_eta0p00003,previous_grid,screened_out,v0.61,c01_wc0p5_eta0p00003,0.5,3e-05,-17.1948749688398,500000,2,50.0,1.7495023205168663e-05,5.4244317649226295e-06,4.9869839982771175e-06,3.2252268925753924,3.5081370245448493,3.2252268925753924,,,,1.6628860019367038,4806728,0.13535735023979378,26,v0.61 coarse grid with matching exact QM
coarse_c31_wc10_eta0p00003,previous_grid,screened_out,v0.61,c31_wc10_eta0p00003,10.0,3e-05,-17.1948749688398,500000,2,50.0,1.4798148830942243e-05,4.283619099259104e-06,3.6802760251661768e-06,3.4545902630562404,4.020934497779703,3.4545902630562404,,,,2.2029909078554444,4189643,0.1333412586512764,27,v0.61 coarse grid with matching exact QM
coarse_c07_wc1_eta0p00003,previous_grid,screened_out,v0.61,c07_wc1_eta0p00003,1.0,3e-05,-17.1948749688398,500000,2,50.0,1.7296666214867468e-05,5.546948906737938e-06,5.555779785564868e-06,3.118230671614268,3.1132742625631047,3.1132742625631047,,,,1.6069343997205292,5158641,0.1299160757795437,28,v0.61 coarse grid with matching exact QM
coarse_c35_wc10_eta0p003,previous_grid,screened_out,v0.61,c35_wc10_eta0p003,10.0,0.003,-17.1948749688398,500000,2,50.0,0.0015035357042385972,0.003129168250145863,0.004573239340009653,0.4804905278482585,0.32876820836484444,0.32876820836484444,,,,0.14789826426839786,462583753,0.12791191414369843,29,v0.61 coarse grid with matching exact QM
coarse_c19_wc4_eta0p00003,previous_grid,screened_out,v0.61,c19_wc4_eta0p00003,4.0,3e-05,-17.1948749688398,500000,2,50.0,1.613566547218762e-05,4.113389344371796e-06,6.2727782791238345e-06,3.922717769049865,2.5723315497836166,2.5723315497836166,,,,1.333141756104841,7556421,0.1036775427125369,30,v0.61 coarse grid with matching exact QM
coarse_c29_wc7_eta0p003,previous_grid,screened_out,v0.61,c29_wc7_eta0p003,7.0,0.003,-17.1948749688398,500000,2,50.0,0.0015681586262871426,0.0060525869842267144,0.003617233863198876,0.2590889863084706,0.43352425792573784,0.2590889863084706,,,,0.11584587121841525,744855624,0.10294571107138457,31,v0.61 coarse grid with matching exact QM
coarse_c24_wc4_eta0p01,previous_grid,screened_out,v0.61,c24_wc4_eta0p01,4.0,0.01,-17.1948749688398,500000,2,50.0,0.006938464323898786,1.1483149988846102,1.1423319233915195,0.006042300527850204,0.006073947669516995,0.006042300527850204,,,,0.003271661350500532,1369510480357,0.005050080629572688,32,v0.61 coarse grid with matching exact QM
coarse_c30_wc7_eta0p01,previous_grid,screened_out,v0.61,c30_wc7_eta0p01,7.0,0.01,-17.1948749688398,500000,2,50.0,0.005738615140058342,1.1521778700189267,1.1420698532604732,0.004980667733154843,0.005024749689062609,0.004980667733154843,,,,0.0023937925050363466,2015555974903,0.0037857805046686978,33,v0.61 coarse grid with matching exact QM
coarse_c12_wc1_eta0p01,previous_grid,screened_out,v0.61,c12_wc1_eta0p01,1.0,0.01,-17.1948749688398,500000,2,50.0,0.00965658357359857,3.7091477518168974,3.7225785222741097,0.0026034507708322936,0.0025940577252617355,0.0025940577252617355,,,,0.0013561949517788706,7430374991531,0.0025577358934783705,34,v0.61 coarse grid with matching exact QM
coarse_c06_wc0p5_eta0p01,previous_grid,screened_out,v0.61,c06_wc0p5_eta0p01,0.5,0.01,-17.1948749688398,500000,2,50.0,0.00993279287970859,4.831411991447973,4.835050532067309,0.0020558778463295024,0.002054330728051699,0.002054330728051699,,,,0.0014409467106261341,11847569904282,0.002054330728051699,35,v0.61 coarse grid with matching exact QM
coarse_c36_wc10_eta0p01,previous_grid,screened_out,v0.61,c36_wc10_eta0p01,10.0,0.01,-17.1948749688398,500000,2,50.0,0.005293469523619559,2.284939090130824,2.2864605485593392,0.0023166786136590103,0.0023151370475011633,0.0023151370475011633,,,,0.0013664712643982016,9328602651914,0.0016900954145622918,36,v0.61 coarse grid with matching exact QM
coarse_c18_wc2_eta0p01,previous_grid,screened_out,v0.61,c18_wc2_eta0p01,2.0,0.01,-17.1948749688398,500000,2,50.0,0.0087285770426254,15.039818199626541,15.039727105314642,0.0005803645314570452,0.0005803680466742612,0.0005803645314570452,,,,0.0003737605825483405,148445924350422,0.0005440475989724182,37,v0.61 coarse grid with matching exact QM
fine_f21_wc4_eta0p0002,previous_grid,retained_top30,v0.61,f21_wc4_eta0p0002,4.0,0.0002,-17.1948749688398,1000000,3,75.0,0.0001051692161449265,3.613003482045437e-05,2.9775356997987292e-05,2.910852886457415,3.5320891753551624,2.910852886457415,,,,1.0898168354849742,11802106,1.1978616805876523,1,v0.61 fine grid with matching exact QM
fine_f12_wc1_eta0p0003,previous_grid,retained_top30,v0.61,f12_wc1_eta0p0003,1.0,0.0003,-17.1948749688398,1000000,3,75.0,0.00017056366622755748,7.816065995728612e-05,7.87491186839094e-05,2.1822188594718686,2.165912064516962,2.165912064516962,,,,0.8394935076658929,21316621,1.1350792338460347,2,v0.61 fine grid with matching exact QM
fine_f06_wc0p5_eta0p0002,previous_grid,retained_top30,v0.61,f06_wc0p5_eta0p0002,0.5,0.0002,-17.1948749688398,1000000,3,75.0,0.00011418553555629441,4.355419042095739e-05,4.292861269904175e-05,2.621688853648182,2.6598934458192556,2.621688853648182,,,,1.1686192459498652,14549153,1.1241617157039152,3,v0.61 fine grid with matching exact QM
fine_f11_wc1_eta0p0002,previous_grid,retained_top30,v0.61,f11_wc1_eta0p0002,1.0,0.0002,-17.1948749688398,1000000,3,75.0,0.00011291340213826918,4.282981322274618e-05,4.218218041803399e-05,2.636327213267015,2.6768033567557294,2.636327213267015,,,,0.9808924646505659,14388032,1.1241238339078117,4,v0.61 fine grid with matching exact QM
fine_f01_wc0p25_eta0p0002,previous_grid,retained_top30,v0.61,f01_wc0p25_eta0p0002,0.25,0.0002,-17.1948749688398,1000000,3,75.0,0.0001147805023523519,4.552250168558879e-05,4.436900268659827e-05,2.521401463063449,2.586952498416683,2.521401463063449,,,,1.0011468184085162,15729540,1.0839722338299853,5,v0.61 fine grid with matching exact QM
fine_f02_wc0p25_eta0p0003,previous_grid,retained_top30,v0.61,f02_wc0p25_eta0p0003,0.25,0.0003,-17.1948749688398,1000000,3,75.0,0.0001734708233068232,8.599590439925317e-05,8.023941273979159e-05,2.0171986621764013,2.161915415175978,2.0171986621764013,,,,0.7998161464048016,24575517,1.0661148384850296,6,v0.61 fine grid with matching exact QM
fine_f07_wc0p5_eta0p0003,previous_grid,retained_top30,v0.61,f07_wc0p5_eta0p0003,0.5,0.0003,-17.1948749688398,1000000,3,75.0,0.00017257104925765337,8.566601751667686e-05,7.763315063658813e-05,2.0144633106594276,2.2229041053026832,2.0144633106594276,,,,0.7967298778588908,24642303,1.061904420217042,7,v0.61 fine grid with matching exact QM
fine_f17_wc2_eta0p0003,previous_grid,retained_top30,v0.61,f17_wc2_eta0p0003,2.0,0.0003,-17.1948749688398,1000000,3,75.0,0.00016613699435291958,8.111918384969951e-05,7.43623691238386e-05,2.048060476800951,2.2341541334736803,2.048060476800951,,,,0.9118108407153749,23840450,1.0592977456142227,8,v0.61 fine grid with matching exact QM
fine_f16_wc2_eta0p0002,previous_grid,retained_top30,v0.61,f16_wc2_eta0p0002,2.0,0.0002,-17.1948749688398,1000000,3,75.0,0.00011019794436433755,3.918853565734792e-05,4.457105027987812e-05,2.8119944395951224,2.472410761522645,2.472410761522645,,,,1.0980509261531124,16359076,1.0414764848355693,9,v0.61 fine grid with matching exact QM
fine_f26_wc7_eta0p0003,previous_grid,screened_out,v0.61,f26_wc7_eta0p0003,7.0,0.0003,-17.1948749688398,1000000,3,75.0,0.0001496165957414892,7.387851829205775e-05,6.038900528206239e-05,2.025170498818377,2.477546948201355,2.025170498818377,,,,0.6752802157166042,24382421,0.9940164542527022,10,v0.61 fine grid with matching exact QM
fine_f22_wc4_eta0p0003,previous_grid,screened_out,v0.61,f22_wc4_eta0p0003,4.0,0.0003,-17.1948749688398,1000000,3,75.0,0.00015811870111576026,8.307524683296776e-05,7.243586483598641e-05,1.9033190648674918,2.1828786261306057,1.9033190648674918,,,,0.7411203079911998,27604305,0.9603848789756656,11,v0.61 fine grid with matching exact QM
fine_f08_wc0p5_eta0p0005,previous_grid,screened_out,v0.61,f08_wc0p5_eta0p0005,0.5,0.0005,-17.1948749688398,1000000,3,75.0,0.00029259332162464126,0.00016956127133022813,0.00021178907898058,1.7255905156243063,1.3815316778041733,1.3815316778041733,,,,0.5480433341230555,52393608,0.9482768510102291,12,v0.61 fine grid with matching exact QM
fine_f13_wc1_eta0p0005,previous_grid,screened_out,v0.61,f13_wc1_eta0p0005,1.0,0.0005,-17.1948749688398,1000000,3,75.0,0.00028878798086682004,0.00020785117385977266,0.00020767576695082524,1.3893978826487245,1.3905713945681542,1.3893978826487245,,,,0.5362094033740085,51802025,0.9474543335926419,13,v0.61 fine grid with matching exact QM
fine_f18_wc2_eta0p0005,previous_grid,screened_out,v0.61,f18_wc2_eta0p0005,2.0,0.0005,-17.1948749688398,1000000,3,75.0,0.00027995921802659437,0.00018991364500091514,0.0001993131556325628,1.474139564986209,1.4046198663509395,1.4046198663509395,,,,0.5281868838447341,50685343,0.9430794666610925,14,v0.61 fine grid with matching exact QM
fine_f03_wc0p25_eta0p0005,previous_grid,screened_out,v0.61,f03_wc0p25_eta0p0005,0.25,0.0005,-17.1948749688398,1000000,3,75.0,0.0002941544342076035,0.00022002623043832867,0.0001895785648930702,1.3369062116893935,1.5516228555349505,1.3369062116893935,,,,0.5278150495810866,55949746,0.920090904724085,15,v0.61 fine grid with matching exact QM
fine_f23_wc4_eta0p0005,previous_grid,screened_out,v0.61,f23_wc4_eta0p0005,4.0,0.0005,-17.1948749688398,1000000,3,75.0,0.000264810766896621,0.00016457161398083887,0.0001883647469574254,1.609091388794747,1.4058403771087489,1.4058403771087489,,,,0.489281411802365,50597374,0.9180068646252398,16,v0.61 fine grid with matching exact QM
fine_f27_wc10_eta0p0003,previous_grid,screened_out,v0.61,f27_wc10_eta0p0003,10.0,0.0003,-17.1948749688398,1000000,3,75.0,0.00014565347718909638,7.973343334523692e-05,6.221797424196797e-05,1.8267553657000193,2.341019278812336,1.8267553657000193,,,,0.6294662393918977,29966721,0.8846732932867162,17,v0.61 fine grid with matching exact QM
fine_f09_wc0p5_eta0p0007,previous_grid,screened_out,v0.61,f09_wc0p5_eta0p0007,0.5,0.0007,-17.1948749688398,1000000,3,75.0,0.0004177775649914041,0.0003857220457333941,0.0003953693645726635,1.0831052298218038,1.0566766229926807,1.0566766229926807,,,,0.42285322411809045,89560354,0.8666759664598295,18,v0.61 fine grid with matching exact QM
fine_f14_wc1_eta0p0007,previous_grid,screened_out,v0.61,f14_wc1_eta0p0007,1.0,0.0007,-17.1948749688398,1000000,3,75.0,0.0004115798715921651,0.00043684574226412836,0.00041525149471970216,0.9421629462587577,0.9911580736632497,0.9421629462587577,,,,0.38972748925214273,112654349,0.7669996760671781,19,v0.61 fine grid with matching exact QM
fine_f24_wc4_eta0p0007,previous_grid,screened_out,v0.61,f24_wc4_eta0p0007,4.0,0.0007,-17.1948749688398,1000000,3,75.0,0.00037264247741571293,0.00038080994115887514,0.0003665605111830641,0.9785523883165783,1.0165919842620783,0.9785523883165783,,,,0.3465378386468108,104431578,0.7580055006578597,20,v0.61 fine grid with matching exact QM
fine_f04_wc0p25_eta0p0007,previous_grid,screened_out,v0.61,f04_wc0p25_eta0p0007,0.25,0.0007,-17.1948749688398,1000000,3,75.0,0.000420115215469733,0.00040470906895111636,0.0004566544892582307,1.0380672134640934,0.919984858031615,0.919984858031615,,,,0.3525258258223322,118151338,0.7566708116581234,21,v0.61 fine grid with matching exact QM
fine_f19_wc2_eta0p0007,previous_grid,screened_out,v0.61,f19_wc2_eta0p0007,2.0,0.0007,-17.1948749688398,1000000,3,75.0,0.0003967078076613037,0.00044772662735166976,0.00043474584244196954,0.8860491724779795,0.9125051212289783,0.8860491724779795,,,,0.31801358152035647,127375046,0.7081663638696524,22,v0.61 fine grid with matching exact QM
fine_f05_wc0p25_eta0p001,previous_grid,screened_out,v0.61,f05_wc0p25_eta0p001,0.25,0.001,-17.1948749688398,1000000,3,75.0,0.0006210346137998914,0.0010270038524989255,0.0010754151658943262,0.6047052426227789,0.5774835928442879,0.5774835928442879,,,,0.23157240907332594,299861494,0.5774835928442879,23,v0.61 fine grid with matching exact QM
fine_f10_wc0p5_eta0p001,previous_grid,screened_out,v0.61,f10_wc0p5_eta0p001,0.5,0.001,-17.1948749688398,1000000,3,75.0,0.0006172066549821315,0.001047468279820561,0.0010675628503565282,0.5892366068477639,0.5781454972660451,0.5781454972660451,,,,0.23125663532003263,299175280,0.5763609445360384,24,v0.61 fine grid with matching exact QM
fine_f15_wc1_eta0p001,previous_grid,screened_out,v0.61,f15_wc1_eta0p001,1.0,0.001,-17.1948749688398,1000000,3,75.0,0.0006059400530822024,0.0010146668600774153,0.0010432881810255909,0.5971812788248267,0.5807983490108561,0.5807983490108561,,,,0.2298339088705363,296448498,0.5736966318901537,25,v0.61 fine grid with matching exact QM
fine_f20_wc2_eta0p001,previous_grid,screened_out,v0.61,f20_wc2_eta0p001,2.0,0.001,-17.1948749688398,1000000,3,75.0,0.0005781390472097899,0.0011788936862627826,0.0010195450575093555,0.49040812920336496,0.5670559068984401,0.49040812920336496,,,,0.16545664935068516,415800186,0.47316859115696874,26,v0.61 fine grid with matching exact QM
fine_f25_wc4_eta0p001,previous_grid,screened_out,v0.61,f25_wc4_eta0p001,4.0,0.001,-17.1948749688398,1000000,3,75.0,0.0005367355365119036,0.001090020051867482,0.0007999487860751407,0.49240886494917124,0.6709623739106305,0.49240886494917124,,,,0.17164603606443946,412428126,0.4577708507778785,27,v0.61 fine grid with matching exact QM
reference25_v0.60,previous_grid,reference,v0.60,wc4_eta0p00013758,4.0,0.00013758,-17.194874968839816,1000000,2,25.0,7.892056343511006e-05,1.987828373106237e-05,1.1050098088344348e-05,3.970190007489759,7.142069039039168,3.970190007489759,,,,,6344209,,,direct old-parameter comparison against matching QM
reference25_v0.61,previous_grid,reference,v0.61,wc4_eta0p00013758,4.0,0.00013758,-17.194874968839816,500000,2,25.0,7.892056343511006e-05,7.418085944695657e-06,7.911993228082422e-06,10.638938942402337,9.974801691562812,9.974801691562812,,,,,502530,,,direct old-parameter comparison against matching QM
local_screen_s13_wc4_eta0p0002,local_screen,retained_top30,v0.61,s13_wc4_eta0p0002,4.0,0.0002,-17.1948749688398,2000000,3,75.0,0.00010516921614073962,2.2958097421595154e-05,2.243922904947336e-05,4.58092037024871,4.686846232946131,4.58092037024871,13.346724501873998,3.0352689484900286,7.76069549359886,1.7425373257324583,9530694,3.9190962241082254,1,"v0.61 local 3x2M screen, t=0-75 a.u."
local_screen_s19_wc5_eta0p00023,local_screen,retained_top30,v0.61,s19_wc5_eta0p00023,5.0,0.00023,-17.1948749688398,2000000,3,75.0,0.00011856294601028554,2.7824944035935755e-05,2.6963631207733e-05,4.261030888585514,4.397143140582728,4.261030888585514,13.167994766134768,2.857137835533204,7.7176935221627865,1.6351012485187064,11015410,3.870597743373453,2,"v0.61 local 3x2M screen, t=0-75 a.u."
local_screen_s14_wc4_eta0p00023,local_screen,retained_top30,v0.61,s14_wc4_eta0p00023,4.0,0.00023,-17.1948749688398,2000000,3,75.0,0.00012102749006756801,2.8542995765694424e-05,3.138733269849078e-05,4.240181761615572,3.8559342149321103,3.8559342149321103,12.53686937221115,2.561439139943952,5.640268692584927,1.6875025566532895,13451502,3.538836475070029,3,"v0.61 local 3x2M screen, t=0-75 a.u."
local_screen_s29_wc8_eta0p00023,local_screen,retained_top30,v0.61,s29_wc8_eta0p00023,8.0,0.00023,-17.1948749688398,2000000,3,75.0,0.00011316476796191414,2.8399652656531142e-05,2.6589699506972114e-05,3.9847236630159752,4.255962649455331,3.9847236630159752,12.897856155645789,2.7009951319789947,6.721762441136221,2.014925478265978,12596027,3.5362478231553984,4,"v0.61 local 3x2M screen, t=0-75 a.u."
local_screen_s20_wc5_eta0p00026,local_screen,retained_top30,v0.61,s20_wc5_eta0p00026,5.0,0.00026,-17.1948749688398,2000000,3,75.0,0.0001340958793308699,3.70543383048752e-05,3.1906847987210265e-05,3.618898230689146,4.202730378902413,3.618898230689146,14.305990850163685,2.392654348299491,6.177616228519118,1.5167421339202423,15271344,3.496012301330868,5,"v0.61 local 3x2M screen, t=0-75 a.u."
local_screen_s18_wc5_eta0p0002,local_screen,retained_top30,v0.61,s18_wc5_eta0p0002,5.0,0.0002,-17.1948749688398,2000000,3,75.0,0.00010304620062186315,2.3948403251996927e-05,2.4963573522730495e-05,4.302842220316742,4.1278625645496945,4.1278625645496945,13.958272875809186,2.748946698854957,6.332291994466521,1.76973141420553,11737607,3.4956672575974745,6,"v0.61 local 3x2M screen, t=0-75 a.u."
local_screen_s17_wc5_eta0p00017,local_screen,retained_top30,v0.61,s17_wc5_eta0p00017,5.0,0.00017,-17.1948749688398,2000000,3,75.0,8.754544193063986e-05,1.9856503887884452e-05,2.0014313322914585e-05,4.408905133801332,4.374141671421134,4.374141671421134,11.948910926052038,2.937230650799464,5.96979626766614,2.256565914794836,10453081,3.4142748607195177,7,"v0.61 local 3x2M screen, t=0-75 a.u."
local_screen_s12_wc4_eta0p00017,local_screen,retained_top30,v0.61,s12_wc4_eta0p00017,4.0,0.00017,-17.1948749688398,2000000,3,75.0,8.933322187003263e-05,2.0947142930600445e-05,1.981838009120364e-05,4.264697203146067,4.507594538954425,4.264697203146067,11.384597861842499,2.874845904696149,7.151335181357227,1.561335321793583,10996478,3.362664706655989,8,"v0.61 local 3x2M screen, t=0-75 a.u."
local_screen_s24_wc6_eta0p00023,local_screen,retained_top30,v0.61,s24_wc6_eta0p00023,6.0,0.00023,-17.1948749688398,2000000,3,75.0,0.00011642676008818754,3.1271415101926633e-05,2.8971589551851078e-05,3.723104941324337,4.018652821234267,3.723104941324337,9.181643303855916,2.5539679954113628,5.408858902469544,1.5660767484261517,14428443,3.3513558907174357,9,"v0.61 local 3x2M screen, t=0-75 a.u."
local_screen_s23_wc6_eta0p0002,local_screen,screened_out,v0.61,s23_wc6_eta0p0002,6.0,0.0002,-17.1948749688398,2000000,3,75.0,0.00010120134440531825,2.2675406670259417e-05,2.53928309488404e-05,4.4630442962706285,3.9854297698910077,3.9854297698910077,13.594070125668939,2.671134166071986,5.743325354926171,1.6691290512374182,12591564,3.3446999764225382,10,"v0.61 local 3x2M screen, t=0-75 a.u."
local_screen_s10_wc3_eta0p00026,local_screen,screened_out,v0.61,s10_wc3_eta0p00026,3.0,0.00026,-17.1948749688398,2000000,3,75.0,0.0001401072927594967,4.1387594991381666e-05,3.6952202447483346e-05,3.385248473332937,3.791581650880428,3.385248473332937,13.118294504742348,2.235412494378447,5.700033764520818,1.5426230085110073,17452149,3.3427953338410368,11,"v0.61 local 3x2M screen, t=0-75 a.u."
local_screen_s09_wc3_eta0p00023,local_screen,screened_out,v0.61,s09_wc3_eta0p00023,3.0,0.00023,-17.1948749688398,2000000,3,75.0,0.00012381696697122852,3.18178003066526e-05,3.5005992865048276e-05,3.891437050264608,3.537022002162765,3.537022002162765,11.68259339550384,2.3325469240598213,5.332092332917338,1.3937337026841208,15986540,3.2833464266527357,12,"v0.61 local 3x2M screen, t=0-75 a.u."
local_screen_s04_wc2_eta0p00023,local_screen,screened_out,v0.61,s04_wc2_eta0p00023,2.0,0.00023,-17.1948749688398,2000000,3,75.0,0.00012691652377412257,3.64880212908269e-05,3.513894383205834e-05,3.47830655881659,3.611847993516889,3.47830655881659,13.739388931596396,2.291479651635566,6.436487452085393,1.386244851507942,16530816,3.2690066608368262,13,"v0.61 local 3x2M screen, t=0-75 a.u."
local_screen_s15_wc4_eta0p00026,local_screen,screened_out,v0.61,s15_wc4_eta0p00026,4.0,0.00026,-17.1948749688398,2000000,3,75.0,0.00013690838753275405,4.110888054988945e-05,3.485516293351941e-05,3.3303847173995162,3.9279227526173,3.3303847173995162,12.07535726991003,2.1959417243278416,6.404931507798073,1.3739863305720004,18031888,3.2508602364477017,14,"v0.61 local 3x2M screen, t=0-75 a.u."
local_screen_s16_wc5_eta0p00014,local_screen,screened_out,v0.61,s16_wc5_eta0p00014,5.0,0.00014,-17.1948749688398,2000000,3,75.0,7.206046808344331e-05,1.5863084045080083e-05,1.5382824587154227e-05,4.542651849959326,4.684475706992006,4.542651849959326,12.057138753938888,3.0681961054235596,6.360786305313521,1.7769504774961855,9691949,3.216968872773381,15,"v0.61 local 3x2M screen, t=0-75 a.u."
local_screen_s21_wc6_eta0p00014,local_screen,screened_out,v0.61,s21_wc6_eta0p00014,6.0,0.00014,-17.1948749688398,2000000,3,75.0,7.078650173662585e-05,1.4969910366550317e-05,1.6178641717413505e-05,4.728585542822991,4.375305601856332,4.375305601856332,13.252247718331096,2.926638666158525,5.903177085970028,1.7042532304403697,10447520,3.070948145651466,16,"v0.61 local 3x2M screen, t=0-75 a.u."
local_screen_s02_wc2_eta0p00017,local_screen,screened_out,v0.61,s02_wc2_eta0p00017,2.0,0.00017,-17.1948749688398,2000000,3,75.0,9.353140720081721e-05,2.415980337455516e-05,2.476462683026497e-05,3.8713645864901145,3.7768147221387576,3.7768147221387576,13.617605832195201,2.5027975411797168,6.0198759386016585,1.5675184083153206,14020989,3.0471461179965407,17,"v0.61 local 3x2M screen, t=0-75 a.u."
local_screen_s30_wc8_eta0p00026,local_screen,screened_out,v0.61,s30_wc8_eta0p00026,8.0,0.00026,-17.1948749688398,2000000,3,75.0,0.00012795785837875173,3.9754793299747174e-05,3.8960668445769954e-05,3.2186774916413787,3.284282931563624,3.2186774916413787,14.054117662954381,2.143344174943987,5.934328424105888,1.5158306122640264,19305234,3.0373847629946225,18,"v0.61 local 3x2M screen, t=0-75 a.u."
local_screen_s11_wc4_eta0p00014,local_screen,screened_out,v0.61,s11_wc4_eta0p00014,4.0,0.00014,-17.1948749688398,2000000,3,75.0,7.351916182679316e-05,1.7622604127404547e-05,1.7042531306842774e-05,4.1718670688666855,4.313863973790934,4.1718670688666855,12.852399854189228,2.7757321239525417,6.580474112395232,1.7961896698906283,11491298,2.9841427957797566,19,"v0.61 local 3x2M screen, t=0-75 a.u."
local_screen_s01_wc2_eta0p00014,local_screen,screened_out,v0.61,s01_wc2_eta0p00014,2.0,0.00014,-17.1948749688398,2000000,3,75.0,7.691546074520167e-05,1.759978641943848e-05,1.8959557759929666e-05,4.3702496673624776,4.056817237992739,4.056817237992739,12.168013854093612,2.6940819141652725,6.199279052380396,1.7168154259025477,12152318,2.9681177870640885,20,"v0.61 local 3x2M screen, t=0-75 a.u."
local_screen_s08_wc3_eta0p0002,local_screen,screened_out,v0.61,s08_wc3_eta0p0002,3.0,0.0002,-17.1948749688398,2000000,3,75.0,0.00010756050583924298,3.146330370024312e-05,2.4288478222673167e-05,3.418601773799483,4.428458006020147,3.418601773799483,11.09706560811164,2.2723518863515046,5.773383869038756,1.6742809087657187,17113269,2.957765897244296,21,"v0.61 local 3x2M screen, t=0-75 a.u."
local_screen_s05_wc2_eta0p00026,local_screen,screened_out,v0.61,s05_wc2_eta0p00026,2.0,0.00026,-17.1948749688398,2000000,3,75.0,0.00014368858523413708,4.832749926307958e-05,4.8809489818077726e-05,2.973226163678406,2.943865747617765,2.943865747617765,14.008250493526731,1.9409865901413768,5.459796936235775,1.2273440380443579,23077779,2.943865747617765,22,"v0.61 local 3x2M screen, t=0-75 a.u."
local_screen_s28_wc8_eta0p0002,local_screen,screened_out,v0.61,s28_wc8_eta0p0002,8.0,0.0002,-17.1948749688398,2000000,3,75.0,9.837931144468718e-05,2.765489253266356e-05,2.38388500543793e-05,3.55739265045019,4.12684803252976,3.55739265045019,12.20196355732373,2.4047179025754666,5.909917655802507,1.4000540821190899,15803977,2.943557734576562,23,"v0.61 local 3x2M screen, t=0-75 a.u."
local_screen_s25_wc6_eta0p00026,local_screen,screened_out,v0.61,s25_wc6_eta0p00026,6.0,0.00026,-17.1948749688398,2000000,3,75.0,0.00013166434365865975,3.57245892977936e-05,4.4062293195971305e-05,3.685538343383881,2.9881409728964825,2.9881409728964825,14.96537853177776,1.9719734442904877,6.15938098438261,1.1067099847294293,22398959,2.860382006774156,24,"v0.61 local 3x2M screen, t=0-75 a.u."
local_screen_s03_wc2_eta0p0002,local_screen,screened_out,v0.61,s03_wc2_eta0p0002,2.0,0.0002,-17.1948749688398,2000000,3,75.0,0.00011019794436436357,3.401347663224742e-05,3.1725830896690636e-05,3.2398318335940806,3.4734454937745527,3.2398318335940806,13.725897995197972,2.1323875966111077,5.72670523167689,1.2303711333348224,19053952,2.837253109235008,25,"v0.61 local 3x2M screen, t=0-75 a.u."
local_screen_s06_wc3_eta0p00014,local_screen,screened_out,v0.61,s06_wc3_eta0p00014,3.0,0.00014,-17.1948749688398,2000000,3,75.0,7.514651286384817e-05,2.0964638778349417e-05,1.6911742305734524e-05,3.584441099049768,4.443451863523671,3.584441099049768,13.346921171706708,2.3620718869480055,6.215461798879373,1.6817174602853346,15566362,2.592177460443482,26,"v0.61 local 3x2M screen, t=0-75 a.u."
local_screen_s07_wc3_eta0p00017,local_screen,screened_out,v0.61,s07_wc3_eta0p00017,3.0,0.00017,-17.1948749688398,2000000,3,75.0,9.13372442257365e-05,2.8388829732764043e-05,1.9674219604446188e-05,3.217365600679291,4.642483720426458,3.217365600679291,13.192033201696127,2.1103912242846152,6.3712112853673615,1.5063864547294863,19320981,2.565152751380738,27,"v0.61 local 3x2M screen, t=0-75 a.u."
local_screen_s22_wc6_eta0p00017,local_screen,screened_out,v0.61,s22_wc6_eta0p00017,6.0,0.00017,-17.1948749688398,2000000,3,75.0,8.598796794198564e-05,2.334013881292535e-05,2.7537367178519835e-05,3.684124101882678,3.1225921993392105,3.1225921993392105,12.978051018047562,2.0741414125351407,5.27604675828122,1.1868580897192686,20511597,2.4155886426747233,28,"v0.61 local 3x2M screen, t=0-75 a.u."
local_screen_s27_wc8_eta0p00017,local_screen,screened_out,v0.61,s27_wc8_eta0p00017,8.0,0.00017,-17.1948749688398,2000000,3,75.0,8.360142542888295e-05,2.745204681101935e-05,2.199881457103401e-05,3.045362191183684,3.8002695626591407,3.045362191183684,11.528330426436087,2.0302571808056826,5.390725156132635,1.1950047752061015,21565131,2.3229221672139797,29,"v0.61 local 3x2M screen, t=0-75 a.u."
local_screen_s26_wc8_eta0p00014,local_screen,screened_out,v0.61,s26_wc8_eta0p00014,8.0,0.00014,-17.1948749688398,2000000,3,75.0,6.883104643891251e-05,1.393021703419647e-05,2.0793227043281198e-05,4.941132379340768,3.310262822391174,3.310262822391174,13.910630148203559,2.21775497817121,6.55456550325261,1.293925443899339,18251773,2.2910972720837552,30,"v0.61 local 3x2M screen, t=0-75 a.u."
local_confirm_s12_wc4_eta0p00017,local_confirm,retained_top30,v0.61,s12_wc4_eta0p00017,4.0,0.00017,-17.1948749688398,8000000,3,100.0,8.815562061761405e-05,1.7877004372756706e-05,2.102023398918717e-05,4.931230019273084,4.193845827927577,4.193845827927577,24.19785497014584,3.128502592523658,13.073960178032323,1.7554838750507877,45484672,3.421175806629316,1,"v0.61 local 3x8M confirmation, t=0-100 a.u."
local_confirm_s17_wc5_eta0p00017,local_confirm,retained_top30,v0.61,s17_wc5_eta0p00017,5.0,0.00017,-17.1948749688398,8000000,3,100.0,8.64603900864811e-05,2.0502084992123282e-05,2.0730194777297467e-05,4.217151090715817,4.170746633850619,4.170746633850619,25.08888187057229,3.1263407180245966,14.27469637881779,1.6834901416620658,45989891,3.3694601990588495,2,"v0.61 local 3x8M confirmation, t=0-100 a.u."
local_confirm_s24_wc6_eta0p00023,local_confirm,retained_top30,v0.61,s24_wc6_eta0p00023,6.0,0.00023,-17.1948749688398,8000000,3,100.0,0.00011509372900950319,3.245715382553926e-05,2.9459539988840928e-05,3.5460203820749205,3.9068406720912785,3.5460203820749205,26.087426538657127,2.6635361010897802,12.637760188251793,1.6951534074193173,63622032,3.3052551126294576,3,"v0.61 local 3x8M confirmation, t=0-100 a.u."
local_confirm_s18_wc5_eta0p0002,local_confirm,screened_out,v0.61,s18_wc5_eta0p0002,5.0,0.0002,-17.1948749688398,8000000,3,100.0,0.00010177861505803512,2.7495039661199547e-05,2.636497157039598e-05,3.7017082467301576,3.8603726458145573,3.7017082467301576,25.629697691662514,2.7707351774489557,12.85285476074324,1.5915231942579613,58382894,3.2446539302321282,4,"v0.61 local 3x8M confirmation, t=0-100 a.u."
local_confirm_s20_wc5_eta0p00026,local_confirm,screened_out,v0.61,s20_wc5_eta0p00026,5.0,0.00026,-17.1948749688398,8000000,3,100.0,0.00013247201583776221,4.253949270194141e-05,3.81381947346198e-05,3.1140948662915413,3.473473685882443,3.1140948662915413,27.002335347512325,2.3284049040063635,13.315869246278332,1.3255873147116954,82494750,3.1140948662915413,5,"v0.61 local 3x8M confirmation, t=0-100 a.u."
local_confirm_s14_wc4_eta0p00023,local_confirm,screened_out,v0.61,s14_wc4_eta0p00023,4.0,0.00023,-17.1948749688398,8000000,3,100.0,0.00011946731366863749,3.785881557383424e-05,3.345235302428778e-05,3.1556009309283883,3.5712678740984027,3.1556009309283883,25.05835070465593,2.35126549625353,13.035302804507968,1.2509235057914547,80338892,2.996708861736666,6,"v0.61 local 3x8M confirmation, t=0-100 a.u."
local_confirm_s13_wc4_eta0p0002,local_confirm,screened_out,v0.61,s13_wc4_eta0p0002,4.0,0.0002,-17.1948749688398,8000000,3,100.0,0.0001037979887855656,3.171658680099162e-05,2.755368789808924e-05,3.272672101725661,3.7671178235550697,3.272672101725661,25.737837958278742,2.4388357375869663,11.363387976217288,1.3690940394221236,74693877,2.896909253811057,7,"v0.61 local 3x8M confirmation, t=0-100 a.u."
local_confirm_s19_wc5_eta0p00023,local_confirm,screened_out,v0.61,s19_wc5_eta0p00023,5.0,0.00023,-17.1948749688398,8000000,3,100.0,0.00011711572836336911,3.0296154518433302e-05,3.865287110049802e-05,3.8656961658982683,3.0299360701787594,3.0299360701787594,27.886425766194915,2.264214664886425,12.282793644184963,1.3294246033714745,87141104,2.8489118034603313,8,"v0.61 local 3x8M confirmation, t=0-100 a.u."
local_confirm_s29_wc8_eta0p00023,local_confirm,screened_out,v0.61,s29_wc8_eta0p00023,8.0,0.00023,-17.1948749688398,8000000,3,100.0,0.00011202592700173063,3.6647731948089646e-05,3.425256059392014e-05,3.056831106503721,3.2705854703783905,3.056831106503721,23.52338474764934,2.3087358751451093,11.070169769919387,1.330177371997335,85614456,2.8110504809208035,9,"v0.61 local 3x8M confirmation, t=0-100 a.u."
