case_id,segment,start,end,points,SCI,tail_score,class,worst_series,limiting_metric,amplitude,amplitude_se,drift,drift_se,jump,jump_se,noise_sigma,rho1,tolerance
wc10.0_eta3.0e-5,1,0,9.5,20,100,64.2755794467,strong,series_0,,5.28545439568e-05,4.47823773426e-06,3.84775980492e-06,9.22676536983e-06,8.80435823603e-06,6.82390948584e-06,1.35328450893e-06,0.131499794141,0.0001
wc10.0_eta3.0e-5,2,10,19.5,20,99.758338703,64.2755794467,strong,series_0,jump,2.92408807667e-05,1.8774219349e-05,3.56993479375e-06,1.00634778469e-05,7.36783215827e-06,3.2872254509e-05,5.38071150393e-06,0.18314482666,0.0001
wc10.0_eta3.0e-5,3,20,29.5,20,86.3241801515,64.2755794467,usable,series_0,jump,1.15624290613e-05,5.44327691366e-05,5.28210347111e-06,3.0772547039e-05,4.12534222183e-06,8.75567213795e-05,1.18744818064e-05,0.749894903008,0.0001
wc10.0_eta3.0e-5,4,30,39.5,20,74.3167674113,64.2755794467,uncertain,series_0,amplitude,1.65291221851e-05,0.000127798948433,1.64904304937e-06,3.4226783178e-05,1.90613513847e-05,0.000121304910143,2.78792777241e-05,0.780661387504,0.0001
wc10.0_eta3.0e-5,5,40,50,21,64.2755794467,64.2755794467,uncertain,series_0,drift,2.08913044227e-05,0.00012716310761,1.96149620468e-05,0.000219730478791,0,1e-15,2.77405693614e-05,0.886778358236,0.0001
wc10.0_eta4.5e-5,1,0,9.5,20,99.9204392121,50.5106447284,strong,series_0,amplitude,7.85036221677e-05,6.80801100351e-06,9.13753070539e-06,4.46070014217e-06,1.18247068818e-05,1.60168004999e-05,1.61560413909e-06,0.357452163216,0.0001
wc10.0_eta4.5e-5,2,10,19.5,20,87.6867913622,50.5106447284,usable,series_0,amplitude,4.80697437111e-05,4.47878797468e-05,6.0125642378e-06,1.56260707568e-05,3.87415563863e-06,3.68693850542e-05,1.01811170593e-05,0.394377757618,0.0001
wc10.0_eta4.5e-5,3,20,29.5,20,90.5035332685,50.5106447284,usable,series_0,amplitude,2.09516906465e-05,6.03059366344e-05,1.5510459394e-05,3.18729340207e-05,8.09380541611e-06,6.18063952929e-05,1.31557104065e-05,0.718174837715,0.0001
wc10.0_eta4.5e-5,4,30,39.5,20,66.1659076899,50.5106447284,uncertain,series_0,jump,6.30830521908e-06,7.36399784948e-05,3.43121959383e-06,9.37015125877e-05,1.33006617195e-05,0.000207914426086,1.60645250781e-05,0.938260516258,0.0001
wc10.0_eta4.5e-5,5,40,50,21,50.5106447284,50.5106447284,uncertain,series_0,drift,7.97751776359e-05,0.000284664663625,9.24797642846e-05,0.000587503971489,0,1e-15,6.2099456316e-05,0.95,0.0001
wc5.5_eta3.5e-5,1,0,9.5,20,100,92.3030306965,strong,series_0,,6.57306825312e-05,1.8014496643e-06,2.7217317836e-06,1.16861494881e-06,1.3376162432e-05,2.83022152353e-06,2.11247299329e-06,0.0617190210774,0.0001
wc5.5_eta3.5e-5,2,10,19.5,20,99.999990876,92.3030306965,strong,series_0,amplitude,5.93137863433e-05,7.79974423203e-06,1.00532435963e-06,8.16384611345e-06,1.03832499461e-05,4.4230561851e-06,7.82088493555e-06,0.21495285095,0.0001
wc5.5_eta3.5e-5,3,20,29.5,20,99.9380463147,92.3030306965,strong,series_0,jump,4.0796321688e-05,9.78117569862e-06,5.31499022079e-06,1.40671560892e-05,1.35562597587e-05,2.67650089834e-05,1.2201084554e-05,-0.175798453537,0.0001
wc5.5_eta3.5e-5,4,30,39.5,20,92.3030306965,92.3030306965,usable,series_0,drift,9.6365328881e-06,3.94618051241e-05,7.86654557172e-06,6.46208669568e-05,1.40928635248e-05,3.6811227496e-05,3.11325231601e-05,0.800933554797,0.0001
wc5.5_eta3.5e-5,5,40,50,21,96.9405972268,96.9405972268,strong,series_0,amplitude,2.38109888031e-05,4.06963431788e-05,9.7017508829e-06,2.32961083552e-05,0,1e-15,3.21064848038e-05,0.783787546235,0.0001
wc5.8_eta6.0e-5,1,0,9.5,20,8.63481511169,8.63481511169,not_converged,series_0,amplitude,0.000113222175366,9.69658396593e-06,8.39641200493e-06,2.01644742388e-05,2.29050803556e-05,9.28739715347e-06,2.11530502149e-06,0.431540364859,0.0001
wc5.8_eta6.0e-5,2,10,19.5,20,46.5995503413,46.5995503413,not_converged,series_0,amplitude,0.000102082254436,2.43994822858e-05,3.36531629715e-06,1.77189550441e-05,8.42301182291e-06,2.78898335203e-05,8.04379665428e-06,0.0452006321951,0.0001
wc5.8_eta6.0e-5,3,20,29.5,20,72.0469135722,57.873458819,uncertain,series_0,jump,4.76411638658e-05,7.50160501126e-05,2.07940729687e-05,2.84713940234e-05,2.1881919765e-05,0.000133709865355,2.42436287238e-05,0.06502708414,0.0001
wc5.8_eta6.0e-5,4,30,39.5,20,57.873458819,57.873458819,uncertain,series_0,drift,3.33347146414e-05,0.000217845578575,5.00209044003e-05,0.0002515844836,2.3249487257e-05,0.000187774002409,4.7522905787e-05,0.757226648369,0.0001
wc5.8_eta6.0e-5,5,40,50,21,60.3073381541,60.3073381541,uncertain,series_5,drift,2.66731104859e-05,0.000102624240092,3.23400801689e-05,0.000258925591925,0,1e-15,2.23874274854e-05,0.937944953339,0.0001
wc6.0_eta3.0e-5,1,0,9.5,20,100,64.5998256974,strong,series_0,,5.53874220856e-05,4.83814747667e-06,9.30123083046e-07,7.07137446398e-06,1.18397242926e-05,6.14717738814e-06,1.05543949169e-06,0.721184609538,0.0001
wc6.0_eta3.0e-5,2,10,19.5,20,99.9424434401,64.5998256974,strong,series_0,amplitude,4.9169902398e-05,1.56365653669e-05,5.81463428123e-06,1.0649046375e-05,8.50096447402e-06,1.3010591162e-05,5.39343695941e-06,-0.0471762774031,0.0001
wc6.0_eta3.0e-5,3,20,29.5,20,89.8559856006,64.5998256974,usable,series_0,jump,2.32148717396e-05,3.33121851972e-05,1.46630107284e-05,2.85606715825e-05,4.68715514912e-06,7.48497885875e-05,1.1490194082e-05,-0.0580476606058,0.0001
wc6.0_eta3.0e-5,4,30,39.5,20,64.5998256974,64.5998256974,uncertain,series_0,drift,1.59470290644e-05,0.000104534952444,6.47770499162e-06,0.000249699875836,4.89241947621e-06,0.000118866429673,2.2804248445e-05,0.869018407187,0.0001
wc6.0_eta3.0e-5,5,40,50,21,70.3237199328,70.3237199328,uncertain,series_0,amplitude,2.97355899784e-05,0.000131646875861,2.64862879099e-05,7.79792594626e-05,0,1e-15,2.87187011993e-05,0.919162050361,0.0001
wc6.0_eta3.8e-5,1,0,9.5,20,99.9999206617,61.1066627222,strong,series_0,amplitude,7.04374015873e-05,6.15889232911e-06,4.31439276102e-06,1.04472779742e-06,1.44010466482e-05,6.82129813126e-06,1.34355933145e-06,0.681440517267,0.0001
wc6.0_eta3.8e-5,2,10,19.5,20,98.2949636815,61.1066627222,strong,series_0,amplitude,6.37829812922e-05,1.70925405512e-05,5.31911666584e-06,3.21401224303e-05,1.21842045847e-05,1.97786157207e-05,5.89563870174e-06,-0.0255504374722,0.0001
wc6.0_eta3.8e-5,3,20,29.5,20,88.9306079178,61.1066627222,usable,series_0,amplitude,3.48624187169e-05,5.32671960604e-05,1.41206714499e-05,3.79548427738e-06,1.28396862453e-06,7.700848529e-05,1.83731693768e-05,-0.35550304261,0.0001
wc6.0_eta3.8e-5,4,30,39.5,20,68.1858003984,61.1066627222,uncertain,series_0,jump,1.41439996041e-05,0.000105599550517,8.80254378861e-06,5.15330508261e-05,1.23109118456e-05,0.000185428102461,2.30364899906e-05,0.880194841475,0.0001
wc6.0_eta3.8e-5,5,40,50,21,61.1066627222,61.1066627222,uncertain,series_0,amplitude,3.22866302256e-05,0.00024003311708,9.92002983419e-06,0.000252107087888,0,1e-15,5.23631063957e-05,0.864791369051,0.0001
wc6.2_eta4.2e-5,1,0,9.5,20,99.948790142,63.1642208226,strong,series_0,amplitude,7.72982795827e-05,6.91325937557e-06,3.29767027067e-06,6.00803246583e-08,1.48773674161e-05,9.18535331125e-06,1.74291488473e-06,0.303575166357,0.0001
wc6.2_eta4.2e-5,2,10,19.5,20,89.8376441248,63.1642208226,usable,series_0,amplitude,6.81358946195e-05,2.50434136736e-05,9.77896796793e-06,2.26856602565e-05,7.03260542501e-06,2.01680747244e-05,7.0122714488e-06,0.205549384767,0.0001
wc6.2_eta4.2e-5,3,20,29.5,20,88.5728380364,63.1642208226,usable,series_0,jump,3.46215339466e-05,5.12526812595e-05,8.63416351214e-06,1.08222270769e-05,3.86687701981e-06,7.98368359733e-05,1.5597575165e-05,0.12457274525,0.0001
wc6.2_eta4.2e-5,4,30,39.5,20,67.3276885359,63.1642208226,uncertain,series_0,amplitude,4.22977828194e-05,0.000128518515335,1.22218881249e-06,1.51344029568e-05,2.37949449547e-05,0.000123870110091,2.80362508898e-05,0.759627296288,0.0001
wc6.2_eta4.2e-5,5,40,50,21,63.1642208226,63.1642208226,uncertain,series_0,drift,1.99939911796e-05,0.000196796337601,1.73556157261e-05,0.000245814774776,0,1e-15,4.29310242247e-05,0.668973036958,0.0001
wc6.2_eta6.5e-5,1,0,9.5,20,0.0598625006188,0.0598625006188,not_converged,series_0,amplitude,0.000121511672305,6.64035916705e-06,7.99566051338e-06,3.99906411524e-06,2.64652438828e-05,9.70649126511e-06,2.29042361382e-06,-0.441506173667,0.0001
wc6.2_eta6.5e-5,2,10,19.5,20,37.668453673,37.668453673,not_converged,series_0,amplitude,0.00010836995907,2.66389453915e-05,1.00563896237e-05,2.35812820017e-05,9.34500033589e-06,2.84139454373e-05,9.18842912514e-06,-0.104644049278,0.0001
wc6.2_eta6.5e-5,3,20,29.5,20,68.8646477363,43.5910379219,uncertain,series_0,jump,6.18869558512e-05,7.58233799756e-05,4.04153727076e-05,3.70524038036e-05,1.00145667649e-05,0.000182890755126,2.61533533966e-05,-0.00711165967265,0.0001
wc6.2_eta6.5e-5,4,30,39.5,20,55.2474825532,43.5910379219,uncertain,series_0,drift,5.26393994402e-05,0.000255853005422,4.205130749e-05,0.000439283173987,2.64093105571e-05,0.000244070975007,5.58142072541e-05,0.869031083227,0.0001
wc6.2_eta6.5e-5,5,40,50,21,43.5910379219,43.5910379219,not_converged,series_0,drift,0.000125837069248,0.000231690572313,0.00013681466826,0.000228171932831,0,1e-15,5.05431843592e-05,0.940089474618,0.0001
wc6.4_eta3.8e-5,1,0,9.5,20,99.9997579245,60.1570849108,strong,series_0,amplitude,7.02866297937e-05,6.49964011905e-06,3.65956493619e-06,9.90858107035e-06,1.37389925842e-05,7.87181128168e-06,1.41789329417e-06,0.462620695127,0.0001
wc6.4_eta3.8e-5,2,10,19.5,20,96.2901330723,60.1570849108,strong,series_0,amplitude,6.21374024097e-05,2.12068515243e-05,7.49073849069e-06,1.23968556805e-05,4.85877361245e-06,2.52166151893e-05,7.31476600648e-06,-0.350074414,0.0001
wc6.4_eta3.8e-5,3,20,29.5,20,76.721232496,60.1570849108,uncertain,series_0,drift,3.61194236774e-05,6.80976570908e-05,1.69505802191e-05,0.000113813552256,1.00679907837e-05,4.46787219673e-05,1.7984527013e-05,0.260832770659,0.0001
wc6.4_eta3.8e-5,4,30,39.5,20,63.8306135166,60.1570849108,uncertain,series_0,drift,5.62485973309e-05,5.32264376786e-05,5.7346634569e-05,0.000120511921285,3.6789001262e-06,0.000146864133478,1.16113211924e-05,0.936384097385,0.0001
wc6.4_eta3.8e-5,5,40,50,21,60.1570849108,60.1570849108,uncertain,series_0,amplitude,4.83210017562e-05,0.000200761285453,1.49817776676e-05,0.000310933613869,0,1e-15,4.37959756478e-05,0.923888848054,0.0001
wc6.5_eta4.0e-5,1,0,9.5,20,100,99.3128474406,strong,series_0,,7.35693995194e-05,8.25937837721e-07,1.87394430461e-06,1.52054224677e-06,1.44918505494e-05,1.40192097443e-06,1.60877488627e-06,-0.14200327939,0.0001
wc6.5_eta4.0e-5,2,10,19.5,20,100,99.3128474406,strong,series_0,,6.48648370791e-05,3.87825811888e-06,7.17709761906e-06,6.53027469073e-06,2.15474078324e-06,3.9711211941e-06,7.55413298579e-06,-0.00426086069296,0.0001
wc6.5_eta4.0e-5,3,20,29.5,20,99.9999999887,99.3128474406,strong,series_0,amplitude,3.31435302209e-05,1.05412305861e-05,1.97673171424e-05,1.07402498336e-05,3.26948808826e-06,1.32684949418e-05,1.75332612627e-05,0.156603884188,0.0001
wc6.5_eta4.0e-5,4,30,39.5,20,99.7355639127,99.3128474406,strong,series_0,drift,1.68561065602e-05,1.91297606698e-05,1.24476466524e-05,3.13931369773e-05,6.05095333872e-06,1.77344796521e-05,2.35660854466e-05,0.797214662359,0.0001
wc6.5_eta4.0e-5,5,40,50,21,99.3128474406,99.3128474406,strong,series_0,amplitude,3.8199991894e-05,2.50820855273e-05,4.36798780732e-05,1.33296219039e-05,0,1e-15,3.08987959086e-05,0.67134774159,0.0001
wc6.5_eta6.0e-5,1,0,9.5,20,10.0230015175,10.0230015175,not_converged,series_0,amplitude,0.000111888588944,9.2862042621e-06,5.33149894494e-06,1.32902044745e-05,2.36903916555e-05,1.92898959994e-05,3.16664993661e-06,0.0114258933404,0.0001
wc6.5_eta6.0e-5,2,10,19.5,20,57.3016964051,56.995628257,uncertain,series_0,amplitude,9.01041776551e-05,5.37639945665e-05,3.8027722347e-06,5.71398758521e-05,5.07951689033e-06,3.16100495125e-05,1.37744040911e-05,0.288897211588,0.0001
wc6.5_eta6.0e-5,3,20,29.5,20,67.2657517796,56.995628257,uncertain,series_0,jump,6.02070476193e-05,7.14352485103e-05,4.82955338273e-05,6.78087793578e-05,2.38351293591e-05,0.000170290902959,2.36555186628e-05,0.0407431532854,0.0001
wc6.5_eta6.0e-5,4,30,39.5,20,56.995628257,56.995628257,uncertain,series_0,drift,3.58012239609e-05,0.000251805070997,3.84670782924e-05,0.000349097478893,2.40063292164e-05,0.000197184063,5.4931152351e-05,0.798912259691,0.0001
wc6.5_eta6.0e-5,5,40,50,21,58.2218479868,58.2218479868,uncertain,series_0,drift,2.9224682668e-05,0.000292224809129,4.70997461643e-05,0.00025485234928,0,1e-15,6.37486983381e-05,0.442451830137,0.0001
wc6.6_eta4.2e-5,1,0,9.5,20,97.4355122133,44.9436018543,strong,series_0,amplitude,7.71606900022e-05,1.17181907169e-05,5.66931233637e-06,2.36197133538e-05,1.53812537252e-05,1.12057062357e-05,2.836594738e-06,0.340014417366,0.0001
wc6.6_eta4.2e-5,2,10,19.5,20,83.5682196678,44.9436018543,usable,series_0,amplitude,7.12325579963e-05,2.94487151543e-05,4.53275617993e-06,9.03833767803e-06,5.46671521207e-06,1.92185971335e-05,8.04609953663e-06,0.228904957576,0.0001
wc6.6_eta4.2e-5,3,20,29.5,20,92.7692114118,44.9436018543,usable,series_0,amplitude,3.33461743696e-05,4.56903598365e-05,2.65846293384e-06,5.88946820813e-05,1.75940119572e-05,4.50285304143e-05,1.42194929612e-05,0.102483229915,0.0001
wc6.6_eta4.2e-5,4,30,39.5,20,75.8037046106,44.9436018543,uncertain,series_5,drift,7.69167298406e-06,7.38297226056e-05,5.79618834408e-06,0.000134576443839,1.11791371081e-05,7.95163723524e-05,1.61059176625e-05,0.774403130514,0.0001
wc6.6_eta4.2e-5,5,40,50,21,44.9436018543,44.9436018543,not_converged,series_0,amplitude,0.000118701969216,0.000147159517042,1.3873276374e-05,0.000296633731526,0,1e-15,3.21027762408e-05,0.857278783235,0.0001
wc6.8_eta3.8e-5,1,0,9.5,20,99.9999999999,54.3305437967,strong,series_0,amplitude,6.99320012785e-05,4.25294338808e-06,3.45171808082e-06,6.58917715223e-07,1.30612897415e-05,6.6062989312e-06,1.15607813812e-06,0.233746334924,0.0001
wc6.8_eta3.8e-5,2,10,19.5,20,98.0365977009,54.3305437967,strong,series_0,amplitude,6.24934322992e-05,1.81949981337e-05,7.84072243408e-06,4.09524085302e-06,1.26315609844e-05,2.46608118017e-05,6.27590350619e-06,-0.00364477646779,0.0001
wc6.8_eta3.8e-5,3,20,29.5,20,87.9519047488,54.3305437967,usable,series_0,amplitude,2.67061561391e-05,6.25061615024e-05,4.62539509703e-06,3.42714396813e-05,2.11429048127e-05,6.02190438915e-05,1.3635688379e-05,0.487351382762,0.0001
wc6.8_eta3.8e-5,4,30,39.5,20,63.789678802,54.3305437967,uncertain,series_0,jump,1.59527072551e-05,7.82248023727e-05,1.96824612189e-05,3.39584201163e-05,5.08751923279e-05,0.000139225829787,1.70647021513e-05,0.836205164683,0.0001
wc6.8_eta3.8e-5,5,40,50,21,54.3305437967,54.3305437967,uncertain,series_0,drift,5.63170176993e-05,0.000180689080062,4.46482420444e-05,0.000508912897724,0,1e-15,3.94172339171e-05,0.95,0.0001
wc6.8_eta6.5e-5,1,0,9.5,20,1.44865999826,1.44865999826,not_converged,series_0,amplitude,0.000119928601376,9.12544012603e-06,8.1246551072e-06,1.8657139969e-05,2.34888478287e-05,1.57274481649e-05,2.41212879604e-06,0.260017510542,0.0001
wc6.8_eta6.5e-5,2,10,19.5,20,46.0638215722,46.0638215722,not_converged,series_0,amplitude,0.000104302674551,4.35378840637e-05,7.1955767865e-06,7.79394345227e-05,1.34002615937e-06,3.02694019548e-05,1.31032334714e-05,0.135504545453,0.0001
wc6.8_eta6.5e-5,3,20,29.5,20,67.4930902102,49.2865137762,uncertain,series_0,amplitude,6.65637026778e-05,7.37180182106e-05,4.06563712413e-05,6.72251845461e-05,3.72479058608e-06,0.000121630596911,1.84668279828e-05,0.309363995883,0.0001
wc6.8_eta6.5e-5,4,30,39.5,20,58.0544423609,49.2865137762,uncertain,series_0,jump,1.45710482031e-05,0.000168016123207,1.05774194333e-05,0.000411518972994,2.81189686188e-05,0.000353594814427,3.66526346145e-05,0.886610914753,0.0001
wc6.8_eta6.5e-5,5,40,50,21,49.2865137762,49.2865137762,not_converged,series_0,drift,0.000105890889524,0.00047098743924,0.000104911800638,0.00027462625288,0,1e-15,0.000102745678146,0.932315497451,0.0001
wc7.0_eta3.0e-5,1,0,9.5,20,100,71.1273524689,strong,series_0,,5.37640962618e-05,4.27815623727e-06,5.4519740552e-06,2.18761901371e-06,1.05017371821e-05,7.00753881519e-06,1.47564157645e-06,-0.124180526391,0.0001
wc7.0_eta3.0e-5,2,10,19.5,20,99.7182282868,71.1273524689,strong,series_0,amplitude,4.64253699551e-05,1.93530922899e-05,4.15158938119e-06,1.37339410116e-05,5.96869191138e-06,1.6688474732e-05,4.92096941532e-06,0.295806233113,0.0001
wc7.0_eta3.0e-5,3,20,29.5,20,93.1848840751,71.1273524689,usable,series_0,jump,2.53438451387e-05,4.30522860005e-05,2.453767731e-05,2.92669166045e-05,1.0513612434e-06,6.64217175829e-05,1.07599464093e-05,0.311454622444,0.0001
wc7.0_eta3.0e-5,4,30,39.5,20,71.1307127378,71.1273524689,uncertain,series_0,amplitude,4.90518797227e-05,9.14347543381e-05,4.14871995861e-05,7.48811232267e-05,5.58710395182e-06,0.000121854052235,1.99464466733e-05,0.818468935892,0.0001
wc7.0_eta3.0e-5,5,40,50,21,71.1273524689,71.1273524689,uncertain,series_0,drift,1.60041992252e-05,0.000146070208431,6.11625309799e-06,0.000168519526495,0,1e-15,3.18651441033e-05,0.877575098381,0.0001
wc7.0_eta4.2e-5,1,0,9.5,20,96.8552690274,68.6272094288,strong,series_0,amplitude,7.58014463358e-05,1.30104246462e-05,4.55830889373e-06,2.21223194317e-05,1.57477304209e-05,9.17662867117e-06,2.84886512919e-06,0.425509862531,0.0001
wc7.0_eta4.2e-5,2,10,19.5,20,94.814389543,68.6272094288,usable,series_0,amplitude,6.34563473794e-05,2.24591398026e-05,7.10240096123e-06,5.29991515587e-06,1.22196261485e-05,4.06760674354e-05,7.74671111245e-06,-0.166975803395,0.0001
wc7.0_eta4.2e-5,3,20,29.5,20,68.6272094288,68.6272094288,uncertain,series_0,drift,3.57067965915e-05,0.000109089746657,1.30743981784e-05,0.000179113220963,4.55068662042e-06,5.79565280626e-05,2.37978745615e-05,0.455729852074,0.0001
wc7.0_eta4.2e-5,4,30,39.5,20,74.6387773707,69.6909837434,uncertain,series_0,amplitude,3.0179620484e-05,0.0001052834641,9.91780257258e-06,6.81996503293e-05,2.52214842024e-05,7.53524914955e-05,2.29675358944e-05,0.522564756463,0.0001
wc7.0_eta4.2e-5,5,40,50,21,69.6909837434,69.6909837434,uncertain,series_0,amplitude,5.23387521481e-05,9.24503560544e-05,2.15845506058e-05,6.80941115874e-05,0,1e-15,2.01679996881e-05,0.811464898564,0.0001
wc7.2_eta6.0e-5,1,0,9.5,20,6.27278370622,6.27278370622,not_converged,series_0,amplitude,0.000109629434512,6.28442165627e-06,6.34791205969e-06,1.87654640182e-06,2.43438108346e-05,8.21920181486e-06,1.93957243344e-06,0.110721187878,0.0001
wc7.2_eta6.0e-5,2,10,19.5,20,68.1985099748,53.8434041287,uncertain,series_0,amplitude,8.94076204631e-05,2.23818737427e-05,3.44774467281e-07,1.93742526681e-05,9.09041099473e-06,3.09543249464e-05,7.72006014316e-06,-0.0946800987728,0.0001
wc7.2_eta6.0e-5,3,20,29.5,20,58.5625350422,53.8434041287,uncertain,series_0,drift,6.88295004074e-05,8.4642859066e-05,7.89395206967e-05,9.73643247813e-05,1.68504533883e-05,7.85886527896e-05,2.15357304018e-05,0.295240967676,0.0001
wc7.2_eta6.0e-5,4,30,39.5,20,60.1941682676,53.8434041287,uncertain,series_0,jump,6.37016871583e-05,0.000108885697113,1.91939400965e-05,7.48785271328e-05,2.15222007196e-05,0.000303734708106,2.37533612538e-05,0.798140162622,0.0001
wc7.2_eta6.0e-5,5,40,50,21,53.8434041287,53.8434041287,uncertain,series_0,amplitude,5.97570737279e-05,0.000417071092884,2.02276966175e-05,1.98999296955e-05,0,1e-15,9.09838537154e-05,0.931707318839,0.0001
wc7.5_eta4.5e-5,1,0,9.5,20,100,63.5772919408,strong,series_0,,8.19275422723e-05,2.12070636826e-06,7.23034367221e-06,2.04925228382e-06,1.28426417099e-05,2.28087731105e-06,2.14793210946e-06,0.205347187086,0.0001
wc7.5_eta4.5e-5,2,10,19.5,20,99.9998764195,63.5772919408,strong,series_0,amplitude,7.13002764151e-05,6.09276743065e-06,1.30740451344e-05,8.68959285373e-07,2.89334286752e-06,6.702867032e-06,7.60014673899e-06,-0.0230637875996,0.0001
wc7.5_eta4.5e-5,3,20,29.5,20,99.8193039015,63.5772919408,strong,series_0,jump,2.0775439179e-05,1.79528715426e-05,1.80906374859e-05,1.32991371866e-05,1.8966573899e-05,2.78462356442e-05,1.46155940745e-05,0.402581707974,0.0001
wc7.5_eta4.5e-5,4,30,39.5,20,95.8804285202,63.5772919408,strong,series_0,jump,1.99208103185e-05,4.54735704463e-05,7.06623282111e-06,4.43123337297e-05,2.65048554134e-05,4.23121274869e-05,3.58753731777e-05,0.753392500647,0.0001
wc7.5_eta4.5e-5,5,40,50,21,63.5772919408,63.5772919408,uncertain,series_0,drift,6.26612863573e-05,5.23764258308e-05,7.45593256732e-05,7.32775092947e-05,0,1e-15,4.13212290998e-05,0.7796758745,0.0001
wc7.5_eta6.5e-5,1,0,9.5,20,10.6148041325,10.6148041325,not_converged,series_0,amplitude,0.000117615735914,1.41233592137e-05,7.40304130671e-06,1.36357194239e-05,2.65224430981e-05,1.14649651662e-05,3.08100386383e-06,0.541146244524,0.0001
wc7.5_eta6.5e-5,2,10,19.5,20,54.0351453037,39.335538415,uncertain,series_0,amplitude,9.71638204356e-05,2.7992524851e-05,9.36273346813e-06,5.56521593284e-05,1.19760625751e-05,2.80318328218e-05,9.65531205711e-06,-0.00739438770673,0.0001
wc7.5_eta6.5e-5,3,20,29.5,20,73.0291836324,39.335538415,uncertain,series_0,amplitude,5.44759778595e-05,7.4180103554e-05,1.5641666439e-05,0.000108590139214,8.67311210073e-06,0.000117261016717,1.83801818274e-05,0.31923376203,0.0001
wc7.5_eta6.5e-5,4,30,39.5,20,60.2868846404,39.335538415,uncertain,series_0,drift,5.39478752272e-05,0.00016163112368,4.37278892704e-05,0.000215783992275,7.05156984204e-06,0.000230428402005,3.5259750109e-05,0.838292670474,0.0001
wc7.5_eta6.5e-5,5,40,50,21,39.335538415,39.335538415,not_converged,series_0,drift,9.18449589634e-05,0.000283005953877,0.000126773405469,9.89466312495e-05,0,1e-15,6.17376096005e-05,0.826042350393,0.0001
wc8.0_eta3.0e-5,1,0,9.5,20,99.9999999721,64.2881182457,strong,series_0,amplitude,5.32648578855e-05,7.53569374249e-06,5.07294421039e-06,4.54389961663e-06,8.09041691063e-06,4.85604684963e-06,2.42397348447e-06,0.0697002977729,0.0001
wc8.0_eta3.0e-5,2,10,19.5,20,99.9740912779,64.2881182457,strong,series_0,jump,4.03683553947e-05,1.14831549613e-05,1.00716056986e-05,2.46184732269e-05,1.7021235581e-06,2.83182796192e-05,3.96082329629e-06,-0.0476495636076,0.0001
wc8.0_eta3.0e-5,3,20,29.5,20,88.6570396943,64.2881182457,usable,series_0,drift,1.6888736863e-05,4.60216792372e-05,2.14063550015e-05,6.50346357343e-05,1.03042648899e-05,4.44626121207e-05,1.00396066831e-05,0.762381295836,0.0001
wc8.0_eta3.0e-5,4,30,39.5,20,79.688699157,64.2881182457,uncertain,series_0,jump,2.16091946124e-05,7.94774226352e-05,1.840843169e-05,2.77818340066e-06,1.358793072e-05,0.000104041567998,1.73379606453e-05,0.580932882925,0.0001
wc8.0_eta3.0e-5,5,40,50,21,64.2881182457,64.2881182457,uncertain,series_0,drift,1.66390958799e-05,0.000191956804777,7.80835618288e-06,0.000251772248564,0,1e-15,4.18752825201e-05,0.691838976955,0.0001
wc8.5_eta5.0e-5,1,0,9.5,20,99.9999937838,80.2963027283,strong,series_0,amplitude,8.93482991372e-05,2.01468785519e-06,7.48547408232e-06,3.22678724281e-06,1.50951241428e-05,2.68963956471e-06,2.38164078848e-06,0.0536880968707,0.0001
wc8.5_eta5.0e-5,2,10,19.5,20,99.9959969529,80.2963027283,strong,series_0,amplitude,7.10659121048e-05,7.33582447653e-06,5.90530905342e-06,1.7818853592e-05,2.36838916479e-07,7.36485687195e-06,8.41553480118e-06,0.0835602832438,0.0001
wc8.5_eta5.0e-5,3,20,29.5,20,99.9936085728,80.2963027283,strong,series_0,amplitude,2.53165004577e-05,1.94965282346e-05,1.61888133968e-05,1.46313640549e-05,6.42643218807e-06,2.08897958111e-05,1.58754747113e-05,0.402414052252,0.0001
wc8.5_eta5.0e-5,4,30,39.5,20,92.6463381955,80.2963027283,usable,series_0,jump,2.51692615109e-05,4.79976889632e-05,1.06957948401e-05,1.52130207032e-05,3.6475869254e-05,4.381133986e-05,3.78667209617e-05,0.542953893847,0.0001
wc8.5_eta5.0e-5,5,40,50,21,80.2963027283,80.2963027283,usable,series_0,drift,1.7837102511e-05,7.00867857464e-05,1.50375874209e-05,9.96915929673e-05,0,1e-15,5.52934280022e-05,0.734864974659,0.0001
wc9.0_eta4.0e-5,1,0,9.5,20,99.9885155613,52.1198211162,strong,series_0,amplitude,7.01135148707e-05,8.11272093688e-06,7.58991165242e-06,1.67608013141e-05,1.02073556312e-05,8.34802744149e-06,1.76978608095e-06,0.696383358942,0.0001
wc9.0_eta4.0e-5,2,10,19.5,20,99.2531576326,52.1198211162,strong,series_0,jump,4.81069518805e-05,2.02589157955e-05,9.52261350414e-06,2.29052293488e-06,2.43636313391e-06,4.00852010756e-05,6.98779959956e-06,-0.276132603821,0.0001
wc9.0_eta4.0e-5,3,20,29.5,20,77.0538878256,52.1198211162,uncertain,series_0,amplitude,2.59810982285e-05,9.99414442515e-05,2.45736525343e-05,1.32755194819e-05,8.84413979441e-06,9.71196488976e-05,2.18021768927e-05,0.513936339774,0.0001
wc9.0_eta4.0e-5,4,30,39.5,20,69.7525925979,52.1198211162,uncertain,series_0,amplitude,3.50725850209e-05,0.000125512595506,6.3513085761e-06,0.000127256785892,1.8846178423e-05,0.00011874983942,2.7380510958e-05,0.893655364186,0.0001
wc9.0_eta4.0e-5,5,40,50,21,52.1198211162,52.1198211162,uncertain,series_0,drift,7.32286765714e-05,0.000111577941788,9.15321201095e-05,0.000159287251954,0,1e-15,2.43406731052e-05,0.931624504389,0.0001
wc9.2_eta5.5e-5,1,0,9.5,20,87.5848202786,65.2297030961,usable,series_0,amplitude,9.81661069369e-05,1.58850191162e-06,8.90935441589e-06,2.12831616477e-06,1.80867986965e-05,3.02271131681e-06,1.98150475311e-06,-0.0842744803791,0.0001
wc9.2_eta5.5e-5,2,10,19.5,20,99.9769429078,65.2297030961,strong,series_0,amplitude,7.05778281813e-05,8.40065064832e-06,1.32602405452e-05,8.85884539546e-06,3.92740373256e-06,1.30403966652e-05,9.63939237113e-06,0.0833226066447,0.0001
wc9.2_eta5.5e-5,3,20,29.5,20,98.5707848416,65.2297030961,strong,series_0,drift,2.7052196377e-05,2.44192744964e-05,2.94446125902e-05,3.22292495296e-05,9.2827476571e-06,2.49975210112e-05,1.92650494933e-05,0.687875102966,0.0001
wc9.2_eta5.5e-5,4,30,39.5,20,92.8707758885,65.2297030961,usable,series_0,drift,2.38364571628e-05,4.13680655965e-05,1.15947298248e-06,6.74111434559e-05,1.10901330896e-05,4.48076610224e-05,3.26364254301e-05,0.688404665503,0.0001
wc9.2_eta5.5e-5,5,40,50,21,65.2297030961,65.2297030961,uncertain,series_0,drift,5.91530258539e-05,5.55712337161e-05,5.4680296864e-05,0.000115750437799,0,1e-15,4.38417025086e-05,0.924678021678,0.0001
wc9.5_eta3.5e-5,1,0,9.5,20,99.9999960239,54.8726658252,strong,series_0,amplitude,6.13590533541e-05,7.19810614817e-06,6.76379681177e-06,1.17822567499e-05,1.01043585383e-05,5.89530582284e-06,1.57026331478e-06,0.649892073998,0.0001
wc9.5_eta3.5e-5,2,10,19.5,20,99.6510818186,54.8726658252,strong,series_0,jump,3.94855249215e-05,1.34301729087e-05,5.36889995099e-06,8.73980663903e-06,4.91552815962e-06,3.52442094157e-05,4.63239779566e-06,-0.306200949788,0.0001
wc9.5_eta3.5e-5,3,20,29.5,20,85.4452433268,54.8726658252,usable,series_0,amplitude,1.3565211201e-05,8.18726607735e-05,4.02082768974e-07,8.11472945642e-05,5.22032104244e-06,6.53162235956e-05,1.78604806667e-05,0.568865151226,0.0001
wc9.5_eta3.5e-5,4,30,39.5,20,76.1836894232,54.8726658252,uncertain,series_6,drift,3.06201349045e-06,7.34794627816e-05,1.1055965208e-06,0.000138852992244,1.42399127874e-06,5.15882134975e-05,1.60295086542e-05,0.768637009396,0.0001
wc9.5_eta3.5e-5,5,40,50,21,54.8726658252,54.8726658252,uncertain,series_0,drift,3.19557567446e-05,0.000218634162497,3.37098219845e-05,0.000541387838571,0,1e-15,4.76949349816e-05,0.728979641244,0.0001
wc9.8_eta7.0e-5,1,0,9.5,20,3.46959109032,3.46959109032,not_converged,series_0,amplitude,0.000124322787321,1.33946365958e-05,1.07101307036e-05,2.53734354164e-05,2.11021350129e-05,1.95884968686e-05,3.55198850574e-06,0.257022352052,0.0001
wc9.8_eta7.0e-5,2,10,19.5,20,56.7916221621,50.3968364917,uncertain,series_0,amplitude,9.08030063627e-05,5.37611140792e-05,1.95334615504e-05,6.78885236367e-05,4.15077988425e-07,5.22198099837e-05,1.4363911821e-05,0.249990063479,0.0001
wc9.8_eta7.0e-5,3,20,29.5,20,73.3120903974,50.3968364917,uncertain,series_0,amplitude,2.90733901503e-05,0.000113978728303,2.4239576083e-05,5.37011343563e-05,1.13759339002e-05,0.000140924811335,2.48644035022e-05,0.569142350589,0.0001
wc9.8_eta7.0e-5,4,30,39.5,20,59.2002646026,50.3968364917,uncertain,series_0,drift,4.66258433169e-05,0.000189250157223,3.22769403264e-05,0.000291032172837,3.16885524932e-05,0.000261703933018,4.12848286879e-05,0.814282076465,0.0001
wc9.8_eta7.0e-5,5,40,50,21,50.3968364917,50.3968364917,uncertain,series_0,drift,8.95656997378e-05,0.000319358020061,9.53272634022e-05,0.000469745472145,0,1e-15,6.96677949535e-05,0.95,0.0001
