"case_id","data_file","param.wc_eV","param.eta","param.ntraj","param.mpi_ranks","param.tmax","job_id"
"r2_wc0p10_eta4em5","cloud-runs\635951\ahm-sepmb-s10-n5-8000000.dat","0.10","4e-5","8000000","64","150","635951"
"r2_wc0p10_eta4em5","cloud-runs\635952\ahm-sepmb-s10-n5-8000000.dat","0.10","4e-5","8000000","64","150","635952"
"r2_wc0p10_eta4em5","cloud-runs\635953\ahm-sepmb-s10-n5-8000000.dat","0.10","4e-5","8000000","64","150","635953"
"r2_wc0p20_eta4em5","cloud-runs\635954\ahm-sepmb-s10-n5-8000000.dat","0.20","4e-5","8000000","64","150","635954"
"r2_wc0p20_eta4em5","cloud-runs\635955\ahm-sepmb-s10-n5-8000000.dat","0.20","4e-5","8000000","64","150","635955"
"r2_wc0p20_eta4em5","cloud-runs\635956\ahm-sepmb-s10-n5-8000000.dat","0.20","4e-5","8000000","64","150","635956"
"r2_wc0p30_eta6em5","cloud-runs\635957\ahm-sepmb-s10-n5-8000000.dat","0.30","6e-5","8000000","64","150","635957"
"r2_wc0p30_eta6em5","cloud-runs\635958\ahm-sepmb-s10-n5-8000000.dat","0.30","6e-5","8000000","64","150","635958"
"r2_wc0p30_eta6em5","cloud-runs\635959\ahm-sepmb-s10-n5-8000000.dat","0.30","6e-5","8000000","64","150","635959"
"r2_wc0p025_eta8em5","cloud-runs\635960\ahm-sepmb-s10-n5-8000000.dat","0.025","8e-5","8000000","64","150","635960"
"r2_wc0p025_eta8em5","cloud-runs\635961\ahm-sepmb-s10-n5-8000000.dat","0.025","8e-5","8000000","64","150","635961"
"r2_wc0p025_eta8em5","cloud-runs\635962\ahm-sepmb-s10-n5-8000000.dat","0.025","8e-5","8000000","64","150","635962"
"r2_wc0p05_eta1p2em4","cloud-runs\635963\ahm-sepmb-s10-n5-8000000.dat","0.05","1.2e-4","8000000","64","150","635963"
"r2_wc0p05_eta1p2em4","cloud-runs\635964\ahm-sepmb-s10-n5-8000000.dat","0.05","1.2e-4","8000000","64","150","635964"
"r2_wc0p05_eta1p2em4","cloud-runs\635965\ahm-sepmb-s10-n5-8000000.dat","0.05","1.2e-4","8000000","64","150","635965"
"r2_wc0p10_eta1em4","cloud-runs\635966\ahm-sepmb-s10-n5-8000000.dat","0.10","1e-4","8000000","64","150","635966"
"r2_wc0p10_eta1em4","cloud-runs\635967\ahm-sepmb-s10-n5-8000000.dat","0.10","1e-4","8000000","64","150","635967"
"r2_wc0p10_eta1em4","cloud-runs\635968\ahm-sepmb-s10-n5-8000000.dat","0.10","1e-4","8000000","64","150","635968"
"r2_wc0p40_eta8em5","cloud-runs\635969\ahm-sepmb-s10-n5-8000000.dat","0.40","8e-5","8000000","64","150","635969"
"r2_wc0p40_eta8em5","cloud-runs\635970\ahm-sepmb-s10-n5-8000000.dat","0.40","8e-5","8000000","64","150","635970"
"r2_wc0p40_eta8em5","cloud-runs\635971\ahm-sepmb-s10-n5-8000000.dat","0.40","8e-5","8000000","64","150","635971"
"r2_wc0p50_eta1p2em4","cloud-runs\635972\ahm-sepmb-s10-n5-8000000.dat","0.50","1.2e-4","8000000","64","150","635972"
"r2_wc0p50_eta1p2em4","cloud-runs\635973\ahm-sepmb-s10-n5-8000000.dat","0.50","1.2e-4","8000000","64","150","635973"
"r2_wc0p50_eta1p2em4","cloud-runs\635974\ahm-sepmb-s10-n5-8000000.dat","0.50","1.2e-4","8000000","64","150","635974"
"r2_wc0p65_eta1em4","cloud-runs\635975\ahm-sepmb-s10-n5-8000000.dat","0.65","1e-4","8000000","64","150","635975"
"r2_wc0p65_eta1em4","cloud-runs\635976\ahm-sepmb-s10-n5-8000000.dat","0.65","1e-4","8000000","64","150","635976"
"r2_wc0p65_eta1em4","cloud-runs\635977\ahm-sepmb-s10-n5-8000000.dat","0.65","1e-4","8000000","64","150","635977"
"r2_wc0p80_eta1em4","cloud-runs\635978\ahm-sepmb-s10-n5-8000000.dat","0.80","1e-4","8000000","64","150","635978"
"r2_wc0p80_eta1em4","cloud-runs\635979\ahm-sepmb-s10-n5-8000000.dat","0.80","1e-4","8000000","64","150","635979"
"r2_wc0p80_eta1em4","cloud-runs\635980\ahm-sepmb-s10-n5-8000000.dat","0.80","1e-4","8000000","64","150","635980"
"r2_wc1p0_eta1p4em4","cloud-runs\635981\ahm-sepmb-s10-n5-8000000.dat","1.00","1.4e-4","8000000","64","150","635981"
"r2_wc1p0_eta1p4em4","cloud-runs\635982\ahm-sepmb-s10-n5-8000000.dat","1.00","1.4e-4","8000000","64","150","635982"
"r2_wc1p0_eta1p4em4","cloud-runs\635983\ahm-sepmb-s10-n5-8000000.dat","1.00","1.4e-4","8000000","64","150","635983"
"r2_wc1p2_eta1em4","cloud-runs\635984\ahm-sepmb-s10-n5-8000000.dat","1.20","1e-4","8000000","64","150","635984"
"r2_wc1p2_eta1em4","cloud-runs\635985\ahm-sepmb-s10-n5-8000000.dat","1.20","1e-4","8000000","64","150","635985"
"r2_wc1p2_eta1em4","cloud-runs\635986\ahm-sepmb-s10-n5-8000000.dat","1.20","1e-4","8000000","64","150","635986"
