rank,stage,case_id,version,wc_eV,eta,delE_eV,ntraj_per_repeat,independent_repeats,tmax,qm_signal_rms,qm_signal_peak,poisson_rms_vs_qm,repeat_noise_of_mean_rms,Q_accuracy,Q_repeat,Q_conservative,projected_ntraj_Q10,occupation_min,occupation_max,max_particle_error,min_window_Q,selection_score
1,coarse,c04_wc0p5_eta0p001,v0.61,0.5,0.001,-17.1948749688398,500000,2,50.0,0.0005996398289119288,0.00299458086042248,0.00027029314360559905,0.00028356597873540826,2.218479614070046,2.1146395332263923,2.1146395332263923,11181429,-0.002270912917109307,1.0024623559887218,5.2659210325600725e-11,1.0395964907486253,0.5195721847263746
2,coarse,c15_wc2_eta0p0003,v0.61,2.0,0.0003,-17.1948749688398,500000,2,50.0,0.00017001009830712989,0.0008770541880583904,4.6739984689362805e-05,4.38509479441794e-05,3.637358878849209,3.876999387186483,3.637358878849209,3779182,-0.0002878761138970995,1.0000957289933234,6.897327153865263e-11,1.8538732618868914,0.47586944716460655
3,coarse,c10_wc1_eta0p001,v0.61,1.0,0.001,-17.1948749688398,500000,2,50.0,0.0005930416840857331,0.0029669470820380406,0.0003064566837838093,0.00028774622066224197,1.9351566321330294,2.0609886125380203,1.9351566321330294,13351737,-0.002564375602621154,1.0032877582455613,5.363531840885116e-11,0.9805780428151654,0.47284961863791536
4,coarse,c22_wc4_eta0p001,v0.61,4.0,0.001,-17.1948749688398,500000,2,50.0,0.0005466131605331147,0.002814814978096658,0.0002927748744660858,0.0002806151889818914,1.867008436191586,1.947910098937619,1.867008436191586,14344237,-0.0018274846457255723,1.0031622546199617,5.335198949296682e-11,0.8821304693716998,0.43797632224989663
5,coarse,c09_wc1_eta0p0003,v0.61,1.0,0.0003,-17.1948749688398,500000,2,50.0,0.00017410577221005672,0.0008930998723009065,5.387019634034016e-05,4.915221125189995e-05,3.231949835677123,3.5421757795958113,3.231949835677123,4786751,-0.00024325484865337578,1.0000517913818814,6.765521476381764e-11,1.7821808761991864,0.42789331977266815
6,coarse,c03_wc0p5_eta0p0003,v0.61,0.5,0.0003,-17.1948749688398,500000,2,50.0,0.0001760651700983466,0.00090140798845606,5.61618092875232e-05,5.0831202962461374e-05,3.1349625721096723,3.4637222776012204,3.1349625721096723,5087511,-0.0002746501221743685,1.0001517256635046,6.748113179355641e-11,1.6094620079161726,0.4173816924341218
7,coarse,c33_wc10_eta0p0003,v0.61,10.0,0.0003,-17.1948749688398,500000,2,50.0,0.0001481633573049844,0.0007867342728241633,4.367442206188902e-05,3.933695428094957e-05,3.3924514695358514,3.7665182781255186,3.3924514695358514,4344530,-0.0001859982524892587,1.0000353365070334,6.761524673493113e-11,1.6915700927354356,0.41433188802929183
8,coarse,c27_wc7_eta0p0003,v0.61,7.0,0.0003,-17.1948749688398,500000,2,50.0,0.00015285654348195902,0.0008098664457041327,4.070909040890497e-05,4.725100625664748e-05,3.7548503773133235,3.234990227545778,3.234990227545778,4777758,-0.0001438014220538371,1.00019234956611,6.761702309177053e-11,1.627703470548357,0.40130937058420524
9,coarse,c28_wc7_eta0p001,v0.61,7.0,0.001,-17.1948749688398,500000,2,50.0,0.0005125109460701683,0.0026901564050093585,0.0002569145833770462,0.0002948136395596081,1.9948690313076176,1.7384234556981686,1.7384234556981686,16544699,-0.0016826668778653566,1.0026496496178248,5.189981777675712e-11,0.8316442599022743,0.3948857446066021
10,coarse,c21_wc4_eta0p0003,v0.61,4.0,0.0003,-17.1948749688398,500000,2,50.0,0.00016202715907092248,0.000847356723736592,4.0425070476884453e-05,5.334565339790704e-05,4.008086001076277,3.03730761084425,3.03730761084425,5419915,-0.0003000074606308934,1.000348506328427,6.798472895752639e-11,1.528534598903859,0.3879243108254714
11,coarse,c16_wc2_eta0p001,v0.61,2.0,0.001,-17.1948749688398,500000,2,50.0,0.0005778050956928509,0.00291357942191528,0.0003206473125199016,0.000365784401204335,1.8019957540014884,1.579632958077063,1.579632958077063,20038151,-0.0022320881513574037,1.0045914055779828,5.3433701907579234e-11,0.7324293241145031,0.3809878978502497
12,coarse,ref_old_v060_wc4_eta0p00013758,v0.61,4.0,0.00013758,-17.1948749688398,500000,2,50.0,7.411803427479462e-05,0.0003889081823988949,1.9698677155404544e-05,1.894672320310056e-05,3.7625894211104187,3.911918355500411,3.7625894211104187,3531802,-6.876839485395944e-05,1.0000058550919373,6.655032080971068e-11,1.9817207285180136,0.3250222456563884
13,coarse,c02_wc0p5_eta0p0001,v0.61,0.5,0.0001,-17.1948749688398,500000,2,50.0,5.840644642115474e-05,0.0003007587380232657,1.4007831981141895e-05,1.557171815827521e-05,4.169556466681259,3.7508029510613805,3.7508029510613805,3554034,-6.798246757411288e-05,1.0000438865364827,6.647837835771497e-11,2.0108837688279464,0.28761991330294445
14,coarse,c08_wc1_eta0p0001,v0.61,1.0,0.0001,-17.1948749688398,500000,2,50.0,5.774792560869565e-05,0.0002979876516570057,1.5344253986875447e-05,1.4839038845485545e-05,3.763488642594795,3.8916217020527712,3.763488642594795,3530115,-9.545282228891776e-05,1.0000063528138217,6.622880022177924e-11,2.0477986695174737,0.28696115662848076
15,coarse,c26_wc7_eta0p0001,v0.61,7.0,0.0001,-17.1948749688398,500000,2,50.0,5.0872652802521603e-05,0.0002702244689029021,1.3260593105209609e-05,1.190345670751482e-05,3.8363783881231956,4.27377139704343,3.8363783881231956,3397248,-5.830879600352904e-05,1.0000047448277696,6.682565611981772e-11,2.2089516496753614,0.27455410309175193
16,coarse,c14_wc2_eta0p0001,v0.61,2.0,0.0001,-17.1948749688398,500000,2,50.0,5.640527478194776e-05,0.00029263571678495026,1.4145850875829141e-05,1.6049753696886127e-05,3.9874077054160684,3.5144012704002527,3.5144012704002527,4048250,-7.39765407002901e-05,1.0000821510348126,6.74189593041774e-11,1.888946052956316,0.2648350836286414
17,coarse,c34_wc10_eta0p001,v0.61,10.0,0.001,-17.1948749688398,500000,2,50.0,0.0004955565316208842,0.002613270360374176,0.0004183802395752261,0.000319340384735915,1.1844644769170118,1.5518129096972648,1.1844644769170118,35639034,-0.002792343955069379,1.006578802283858,5.3006488087703474e-11,0.5371311635080835,0.26456534312426344
18,coarse,c20_wc4_eta0p0001,v0.61,4.0,0.0001,-17.1948749688398,500000,2,50.0,5.3841953407454766e-05,0.0002827300667259669,1.6638399812996152e-05,1.3005090711283218e-05,3.236005506094351,4.140067501470134,3.236005506094351,4774760,-4.4380729467987234e-05,1.0000032008785231,6.618439130079423e-11,1.542467342795471,0.23825057971534716
19,coarse,c32_wc10_eta0p0001,v0.61,10.0,0.0001,-17.1948749688398,500000,2,50.0,4.934265751648449e-05,0.00026250741784195064,1.6240848644000017e-05,1.4885151693072712e-05,3.0381822156019864,3.314891143463973,3.0381822156019864,5416795,-0.00011496877458297247,1.0001083380352476,6.754330428293542e-11,1.4902848268614322,0.21413585681078015
20,coarse,c23_wc4_eta0p003,v0.61,4.0,0.003,-17.1948749688398,500000,2,50.0,0.0017114453648830728,0.008361660381744018,0.003558416881767841,0.0038824522520505347,0.48095695972328495,0.44081556031478947,0.44081556031478947,257309708,-0.037239315133088216,1.021943237096223,6.165024046822509e-11,0.20477242968712786,0.1829796304821177
21,coarse,c17_wc2_eta0p003,v0.61,2.0,0.003,-17.1948749688398,500000,2,50.0,0.0018700766846648793,0.008656013037849464,0.004565552150945277,0.0042856711551155155,0.4096058095136836,0.4363556178202556,0.4096058095136836,298014771,-0.06131767973894982,1.053205776744359,6.019629239517599e-11,0.21041853865558374,0.17772974825092008
22,coarse,c11_wc1_eta0p003,v0.61,1.0,0.003,-17.1948749688398,500000,2,50.0,0.0019467890535740638,0.008815107989451287,0.004997675073848971,0.005088979724884193,0.38953894056876726,0.382549972454128,0.382549972454128,341659621,-0.045693280748222535,1.0614516977614425,6.066791513603675e-11,0.2049493715199463,0.16936042429755005
23,coarse,c05_wc0p5_eta0p003,v0.61,0.5,0.003,-17.1948749688398,500000,2,50.0,0.001972976936630092,0.008897497043630742,0.0045492428038182795,0.005315676913956555,0.43369347861013907,0.371161936394206,0.371161936394206,362946942,-0.05307443159874411,1.1037993022638428,5.843858730258944e-11,0.19936788455007362,0.16542027798002745
24,coarse,c13_wc2_eta0p00003,v0.61,2.0,3e-05,-17.1948749688398,500000,2,50.0,1.6895498655753933e-05,8.782058374345869e-05,4.581428172454997e-06,4.800988022237176e-06,3.687823538811553,3.519171174245281,3.519171174245281,4037284,-2.9807805926378284e-05,1.000007139595577,7.648637279089598e-11,1.922758799867114,0.14514103273046602
25,coarse,c25_wc7_eta0p00003,v0.61,7.0,3e-05,-17.1948749688398,500000,2,50.0,1.5253633559485426e-05,8.109559882973905e-05,3.867604070094956e-06,4.2647294045369905e-06,3.9439490917463336,3.576694348592902,3.576694348592902,3908467,-2.8007566506048392e-05,1.0000116776378871,7.58717533244635e-11,1.842648536357754,0.14016280920311833
26,coarse,c01_wc0p5_eta0p00003,v0.61,0.5,3e-05,-17.1948749688398,500000,2,50.0,1.7495023205168663e-05,9.025802448592302e-05,5.4244317649226295e-06,4.9869839982771175e-06,3.2252268925753924,3.5081370245448493,3.2252268925753924,4806728,-2.7808714232018406e-05,1.0000380504912976,7.617462216558124e-11,1.6628860019367038,0.13535735023979378
27,coarse,c31_wc10_eta0p00003,v0.61,10.0,3e-05,-17.1948749688398,500000,2,50.0,1.4798148830942243e-05,7.877981898629649e-05,4.283619099259104e-06,3.6802760251661768e-06,3.4545902630562404,4.020934497779703,3.4545902630562404,4189643,-2.3738366110853214e-05,1.0000028348620933,7.598277562692601e-11,2.2029909078554444,0.1333412586512764
28,coarse,c07_wc1_eta0p00003,v0.61,1.0,3e-05,-17.1948749688398,500000,2,50.0,1.7296666214867468e-05,8.942651852061889e-05,5.546948906737938e-06,5.555779785564868e-06,3.118230671614268,3.1132742625631047,3.1132742625631047,5158641,-2.5327018221584218e-05,1.0000533083174385,7.604228358104592e-11,1.6069343997205292,0.1299160757795437
29,coarse,c35_wc10_eta0p003,v0.61,10.0,0.003,-17.1948749688398,500000,2,50.0,0.0015035357042385972,0.007761556759245725,0.003129168250145863,0.004573239340009653,0.4804905278482585,0.32876820836484444,0.32876820836484444,462583753,-0.03782181109559368,1.0352907023229456,5.938805003324887e-11,0.14789826426839786,0.12791191414369843
30,coarse,c19_wc4_eta0p00003,v0.61,4.0,3e-05,-17.1948749688398,500000,2,50.0,1.613566547218762e-05,8.484820651055713e-05,4.113389344371796e-06,6.2727782791238345e-06,3.922717769049865,2.5723315497836166,2.5723315497836166,7556421,-2.3900450500324374e-05,1.0000214990708938,7.580869265666479e-11,1.333141756104841,0.1036775427125369
31,coarse,c29_wc7_eta0p003,v0.61,7.0,0.003,-17.1948749688398,500000,2,50.0,0.0015681586262871426,0.00799032502925534,0.0060525869842267144,0.003617233863198876,0.2590889863084706,0.43352425792573784,0.2590889863084706,744855624,-0.06407539152813103,1.1359486284462263,6.195666202302164e-11,0.11584587121841525,0.10294571107138457
32,coarse,c24_wc4_eta0p01,v0.61,4.0,0.01,-17.1948749688398,500000,2,50.0,0.006938464323898786,0.026922642287939946,1.1483149988846102,1.1423319233915195,0.006042300527850204,0.006073947669516995,0.006042300527850204,1369510480357,-29.813063534430732,28.089150098414002,4.8689940967960865e-11,0.003271661350500532,0.005050080629572688
33,coarse,c30_wc7_eta0p01,v0.61,7.0,0.01,-17.1948749688398,500000,2,50.0,0.005738615140058342,0.025715338200870685,1.1521778700189267,1.1420698532604732,0.004980667733154843,0.005024749689062609,0.004980667733154843,2015555974903,-23.712128665704544,28.688171506767674,4.722444657545566e-11,0.0023937925050363466,0.0037857805046686978
34,coarse,c12_wc1_eta0p01,v0.61,1.0,0.01,-17.1948749688398,500000,2,50.0,0.00965658357359857,0.028400078199011802,3.7091477518168974,3.7225785222741097,0.0026034507708322936,0.0025940577252617355,0.0025940577252617355,7430374991531,-149.58442598566486,122.56403005976736,4.991562718714704e-11,0.0013561949517788706,0.0025577358934783705
35,coarse,c06_wc0p5_eta0p01,v0.61,0.5,0.01,-17.1948749688398,500000,2,50.0,0.00993279287970859,0.02866879010354395,4.831411991447973,4.835050532067309,0.0020558778463295024,0.002054330728051699,0.002054330728051699,11847569904282,-134.9810086311022,143.27142500704466,1.1116441100966767e-10,0.0014409467106261341,0.002054330728051699
36,coarse,c36_wc10_eta0p01,v0.61,10.0,0.01,-17.1948749688398,500000,2,50.0,0.005293469523619559,0.02497458908790673,2.284939090130824,2.2864605485593392,0.0023166786136590103,0.0023151370475011633,0.0023151370475011633,9328602651914,-43.944761488783186,38.70528944945209,4.711520062983254e-11,0.0013664712643982016,0.0016900954145622918
37,coarse,c18_wc2_eta0p01,v0.61,2.0,0.01,-17.1948749688398,500000,2,50.0,0.0087285770426254,0.027881405823850347,15.039818199626541,15.039727105314642,0.0005803645314570452,0.0005803680466742612,0.0005803645314570452,148445924350422,-345.7401699617325,570.4621160039047,4.660094532482617e-11,0.0003737605825483405,0.0005440475989724182
