stage,case_id,window,wc_eV,eta,signal_rms,error_rms_vs_qm,repeat_noise_rms,Q_accuracy,Q_repeat,Q_conservative
fine,f01_wc0p25_eta0p0002,0-10,0.25,0.0002,0.00012014963792213394,1.1246515941805626e-06,1.2916133290850339e-06,106.83276362550014,93.02291577251434,93.02291577251434
fine,f01_wc0p25_eta0p0002,10-20,0.25,0.0002,0.00013882109654185515,5.425712411283385e-06,4.499138309794866e-06,25.585782293429506,30.855040895194122,25.585782293429506
fine,f01_wc0p25_eta0p0002,20-30,0.25,0.0002,0.00010389289045415807,1.3784889954169604e-05,1.2902956544802157e-05,7.53672251280707,8.051867034769671,7.53672251280707
fine,f01_wc0p25_eta0p0002,30-40,0.25,0.0002,0.00011271521795335222,2.0954505755336536e-05,1.9808864745430408e-05,5.379044453226808,5.690140217619176,5.379044453226808
fine,f01_wc0p25_eta0p0002,40-50,0.25,0.0002,0.00011213989945733757,3.6695109001670625e-05,3.271312489761844e-05,3.055990362427651,3.427978825266598,3.055990362427651
fine,f01_wc0p25_eta0p0002,50-60,0.25,0.0002,0.0001057647918808445,5.1664809850029545e-05,4.4493126185321024e-05,2.0471340587114155,2.3771040821073606,2.0471340587114155
fine,f01_wc0p25_eta0p0002,60-70,0.25,0.0002,0.00011020211915543591,6.577158464421943e-05,7.546404828796822e-05,1.6755278096393167,1.4603260977321069,1.4603260977321069
fine,f01_wc0p25_eta0p0002,70-75,0.25,0.0002,0.000110171833432011,0.00011004563107651566,0.00010622723218049796,1.0011468184085162,1.037133616028049,1.0011468184085162
fine,f02_wc0p25_eta0p0003,0-10,0.25,0.0003,0.00018017738039315028,2.0052237135244115e-06,1.7060100011627811e-06,89.85400440755201,105.61332012728244,89.85400440755201
fine,f02_wc0p25_eta0p0003,10-20,0.25,0.0003,0.00020822594495423433,7.11382226388713e-06,7.844939885361454e-06,29.270613916133414,26.542707528298717,26.542707528298717
fine,f02_wc0p25_eta0p0003,20-30,0.25,0.0003,0.00015607325131873363,1.5754403863740287e-05,1.5591168150838977e-05,9.906642781828493,10.010362906023508,9.906642781828493
fine,f02_wc0p25_eta0p0003,30-40,0.25,0.0003,0.00016987336237389602,3.049290279252883e-05,2.9083475447904838e-05,5.570914764320741,5.840889362695944,5.570914764320741
fine,f02_wc0p25_eta0p0003,40-50,0.25,0.0003,0.0001694746288597353,5.579090132670592e-05,5.467002440153165e-05,3.0376750478955143,3.099955244486543,3.0376750478955143
fine,f02_wc0p25_eta0p0003,50-60,0.25,0.0003,0.00016087968206611724,0.00010057358564093733,8.533637719787956e-05,1.5996216207353058,1.8852415271047478,1.5996216207353058
fine,f02_wc0p25_eta0p0003,60-70,0.25,0.0003,0.00016871223324279864,0.0001312100749547511,0.00014661997203245218,1.2858176729262634,1.1506770251289957,1.1506770251289957
fine,f02_wc0p25_eta0p0003,70-75,0.25,0.0003,0.00016973940694023652,0.0002122230311343681,0.0001687294332111164,0.7998161464048016,1.0059857590338517,0.7998161464048016
fine,f03_wc0p25_eta0p0005,0-10,0.25,0.0005,0.0003001395495333855,2.140960132893984e-06,2.9842043140199586e-06,140.18922861850774,100.57607253072891,100.57607253072891
fine,f03_wc0p25_eta0p0005,10-20,0.25,0.0005,0.00034702937842561924,1.0466991000748591e-05,1.1680793888234538e-05,33.15464572395256,29.70940004130747,29.70940004130747
fine,f03_wc0p25_eta0p0005,20-30,0.25,0.0005,0.00026095816845124345,2.9275421042987e-05,2.817232855606893e-05,8.913899754611954,9.262925069607972,8.913899754611954
fine,f03_wc0p25_eta0p0005,30-40,0.25,0.0005,0.0002859625538365678,6.318732134899191e-05,5.904105212298736e-05,4.5256318472049,4.843452878192013,4.5256318472049
fine,f03_wc0p25_eta0p0005,40-50,0.25,0.0005,0.00028713130092464543,0.0001278014681562514,0.00011162078339394468,2.2466979845145105,2.5723820617820716,2.2466979845145105
fine,f03_wc0p25_eta0p0005,50-60,0.25,0.0005,0.00027659614990461394,0.00021914016621348958,0.00016656365957121947,1.2621882819745145,1.6606032229157806,1.2621882819745145
fine,f03_wc0p25_eta0p0005,60-70,0.25,0.0005,0.0002943477725749105,0.0003600383404358329,0.00034635833011559025,0.8175456319974067,0.8498359848214933,0.8175456319974067
fine,f03_wc0p25_eta0p0005,70-75,0.25,0.0005,0.0003004615099001133,0.0005692552914862545,0.00044340170637585267,0.5278150495810866,0.6776282219478537,0.5278150495810866
fine,f04_wc0p25_eta0p0007,0-10,0.25,0.0007,0.0004199784041461388,3.065708029378793e-06,3.3847487781175196e-06,136.99230328572398,124.07963830618954,124.07963830618954
fine,f04_wc0p25_eta0p0007,10-20,0.25,0.0007,0.0004858312827696152,1.5099104199240593e-05,1.5032817682696647e-05,32.176165973743664,32.318045294251505,32.176165973743664
fine,f04_wc0p25_eta0p0007,20-30,0.25,0.0007,0.0003666158642388294,3.7426828135576224e-05,4.613782107839467e-05,9.795536584366369,7.946102691236704,7.946102691236704
fine,f04_wc0p25_eta0p0007,30-40,0.25,0.0007,0.00040463498295271723,8.65645767412702e-05,8.056936556032091e-05,4.674371413633967,5.022193983267424,4.674371413633967
fine,f04_wc0p25_eta0p0007,40-50,0.25,0.0007,0.00040934189630249075,0.0002006891851711053,0.00020575928566636157,2.039680892388349,1.9894212549232801,1.9894212549232801
fine,f04_wc0p25_eta0p0007,50-60,0.25,0.0007,0.0004008357571436062,0.00035567662896593687,0.0004000537541126647,1.126966813391594,1.0019547448884114,1.0019547448884114
fine,f04_wc0p25_eta0p0007,60-70,0.25,0.0007,0.0004334810559515757,0.0007068983687598257,0.0007067174741471156,0.6132155273070864,0.6133724887370466,0.6132155273070864
fine,f04_wc0p25_eta0p0007,70-75,0.25,0.0007,0.0004494126676122649,0.0009974539753461133,0.0012748361529653213,0.45055980398125156,0.3525258258223322,0.3525258258223322
fine,f05_wc0p25_eta0p001,0-10,0.25,0.001,0.0005995083469946536,5.671641391706428e-06,4.845070124592281e-06,105.7027949389232,123.7357420177903,105.7027949389232
fine,f05_wc0p25_eta0p001,10-20,0.25,0.001,0.0006940490981667868,2.6172322065717113e-05,2.10181728243826e-05,26.51843792935421,33.021381257348864,26.51843792935421
fine,f05_wc0p25_eta0p001,20-30,0.25,0.001,0.0005267411024454299,6.493944044515583e-05,6.259490258216244e-05,8.11126641736751,8.415079834240917,8.11126641736751
fine,f05_wc0p25_eta0p001,30-40,0.25,0.001,0.0005880330115277786,0.00015368947338909817,0.00015025337505849496,3.8261111744396814,3.9136093368874554,3.8261111744396814
fine,f05_wc0p25_eta0p001,40-50,0.25,0.001,0.0006025724466329869,0.0004239437882871319,0.00039196044220150605,1.4213498659045618,1.5373297449317747,1.4213498659045618
fine,f05_wc0p25_eta0p001,50-60,0.25,0.001,0.0006058861347207461,0.000705833093554363,0.0007427395621039524,0.85839859345456,0.815745068169598,0.815745068169598
fine,f05_wc0p25_eta0p001,60-70,0.25,0.001,0.0006716915200974402,0.001624194544868836,0.0018100509908023769,0.41355361167752447,0.3710898331099978,0.3710898331099978
fine,f05_wc0p25_eta0p001,70-75,0.25,0.001,0.0007124400260595199,0.0029488232581939963,0.003076532428498122,0.24160146732424143,0.23157240907332594,0.23157240907332594
fine,f06_wc0p5_eta0p0002,0-10,0.5,0.0002,0.00011974575655178227,1.2956768842321685e-06,1.1115130101562679e-06,92.41945890139488,107.73221317035883,92.41945890139488
fine,f06_wc0p5_eta0p0002,10-20,0.5,0.0002,0.00013788269945697637,4.3716180864656635e-06,5.178993634001175e-06,31.54042661774484,26.623454130498953,26.623454130498953
fine,f06_wc0p5_eta0p0002,20-30,0.5,0.0002,0.00010304445141486228,1.1905793220847547e-05,1.0166389379517682e-05,8.654984132802431,10.135796256482845,8.654984132802431
fine,f06_wc0p5_eta0p0002,30-40,0.5,0.0002,0.00011278268685294924,2.3621813325416005e-05,2.1217156533315566e-05,4.774514356677273,5.315636271799938,4.774514356677273
fine,f06_wc0p5_eta0p0002,40-50,0.5,0.0002,0.00011111812753074533,3.6446738138040724e-05,3.307837333928631e-05,3.0487811312466255,3.3592379646665775,3.0487811312466255
fine,f06_wc0p5_eta0p0002,50-60,0.5,0.0002,0.00010530929538453627,6.122022245725359e-05,4.688597382541192e-05,1.7201717203505336,2.2460724773825484,1.7201717203505336
fine,f06_wc0p5_eta0p0002,60-70,0.5,0.0002,0.00010974215351709265,7.084720977812138e-05,7.595184222354484e-05,1.5489975379521943,1.4448912666804665,1.4448912666804665
fine,f06_wc0p5_eta0p0002,70-75,0.5,0.0002,0.00010944392565493042,8.440029129396614e-05,9.365233888987796e-05,1.296724501503642,1.1686192459498652,1.1686192459498652
fine,f07_wc0p5_eta0p0003,0-10,0.5,0.0003,0.00017957323205699359,2.22055947841791e-06,1.8326686908409254e-06,80.86846301677754,97.98455823163317,80.86846301677754
fine,f07_wc0p5_eta0p0003,10-20,0.5,0.0003,0.0002068226430477437,6.0744101751823586e-06,7.495701624801383e-06,34.04818526953273,27.592165937264607,27.592165937264607
fine,f07_wc0p5_eta0p0003,20-30,0.5,0.0003,0.00015481824974172893,1.683456664634822e-05,1.604144951579083e-05,9.196449958829938,9.651138420460661,9.196449958829938
fine,f07_wc0p5_eta0p0003,30-40,0.5,0.0003,0.00016999168820361135,3.50750492170406e-05,2.983050013273453e-05,4.846513176694955,5.698586595840235,4.846513176694955
fine,f07_wc0p5_eta0p0003,40-50,0.5,0.0003,0.00016795905140902208,4.8549599553937956e-05,5.159956989558421e-05,3.459535257802113,3.2550475081265295,3.2550475081265295
fine,f07_wc0p5_eta0p0003,50-60,0.5,0.0003,0.000160200182466664,9.010358717879058e-05,8.344383511688182e-05,1.7779556561802838,1.9198564188986242,1.7779556561802838
fine,f07_wc0p5_eta0p0003,60-70,0.5,0.0003,0.00016796735460399966,0.00013456358910008057,0.0001298637211846285,1.2482377716536328,1.2934124563179492,1.2482377716536328
fine,f07_wc0p5_eta0p0003,70-75,0.5,0.0003,0.00016852617420041302,0.00021152234764096643,0.0001854633581853882,0.7967298778588908,0.9086763868038836,0.7967298778588908
fine,f08_wc0p5_eta0p0005,0-10,0.5,0.0005,0.00029913819871907836,2.4412570109711313e-06,2.4729688042301624e-06,122.53449652156095,120.9631913703822,120.9631913703822
fine,f08_wc0p5_eta0p0005,10-20,0.5,0.0005,0.00034470487921191235,1.3391439182883099e-05,1.17498380987634e-05,25.74068959313299,29.336989694197612,25.74068959313299
fine,f08_wc0p5_eta0p0005,20-30,0.5,0.0005,0.0002589252333712559,2.8966899802374845e-05,2.604678180041581e-05,8.938658784259266,9.940776382866709,8.938658784259266
fine,f08_wc0p5_eta0p0005,30-40,0.5,0.0005,0.0002862129435450642,6.195797566875944e-05,5.795407527071552e-05,4.619468929637399,4.938616347652932,4.619468929637399
fine,f08_wc0p5_eta0p0005,40-50,0.5,0.0005,0.00028465134582567357,0.00013016943501066344,0.00011475200516175022,2.1867756113588035,2.480578404050016,2.1867756113588035
fine,f08_wc0p5_eta0p0005,50-60,0.5,0.0005,0.00027543184308281783,0.0001780291243229238,0.00020037905240024185,1.5471167660366458,1.3745540753065533,1.3745540753065533
fine,f08_wc0p5_eta0p0005,60-70,0.5,0.0005,0.0002928170012855015,0.00030324434810270474,0.00034885559043742884,0.9656140439799009,0.8393645087307882,0.8393645087307882
fine,f08_wc0p5_eta0p0005,70-75,0.5,0.0005,0.00029785434295352545,0.0003978001672851734,0.0005434868456709418,0.7487536895377945,0.5480433341230555,0.5480433341230555
fine,f09_wc0p5_eta0p0007,0-10,0.5,0.0007,0.0004185842714595121,4.16466234845871e-06,3.2983150947605832e-06,100.50857342959026,126.90851523689737,100.50857342959026
fine,f09_wc0p5_eta0p0007,10-20,0.5,0.0007,0.00048259710045168606,1.6176778761800945e-05,1.3834178602295893e-05,29.832706965818637,34.88440581297651,29.832706965818637
fine,f09_wc0p5_eta0p0007,20-30,0.5,0.0007,0.0003638516845455281,4.971071462655368e-05,3.764549810846295e-05,7.3193814910713755,9.665211056504308,7.3193814910713755
fine,f09_wc0p5_eta0p0007,30-40,0.5,0.0007,0.0004050527215635218,8.116004468846292e-05,8.13239084361207e-05,4.990789779852117,4.980733579494492,4.980733579494492
fine,f09_wc0p5_eta0p0007,40-50,0.5,0.0007,0.0004059140846047582,0.00019757863877158192,0.00018532273996701374,2.0544431681910216,2.190309104414322,2.0544431681910216
fine,f09_wc0p5_eta0p0007,50-60,0.5,0.0007,0.0003990845093485797,0.00038522560347515196,0.00038401773704529053,1.0359760767415391,1.039234573952797,1.0359760767415391
fine,f09_wc0p5_eta0p0007,60-70,0.5,0.0007,0.0004307613936954475,0.0005968001651885218,0.0006345199446294096,0.7217849773204659,0.678877626056393,0.678877626056393
fine,f09_wc0p5_eta0p0007,70-75,0.5,0.0007,0.0004446680340831058,0.0010247613187243992,0.0010515895557152548,0.4339235156110488,0.42285322411809045,0.42285322411809045
fine,f10_wc0p5_eta0p001,0-10,0.5,0.001,0.0005975332741363845,4.106800622797421e-06,3.885768249412151e-06,145.49848629597315,153.77480996886032,145.49848629597315
fine,f10_wc0p5_eta0p001,10-20,0.5,0.001,0.0006894720557864516,2.3334111361207857e-05,2.302214487720585e-05,29.54781714690343,29.948211144700753,29.54781714690343
fine,f10_wc0p5_eta0p001,20-30,0.5,0.001,0.0005229667838751367,6.056968705677071e-05,6.591625235855065e-05,8.63413382646291,7.933806385570364,7.933806385570364
fine,f10_wc0p5_eta0p001,30-40,0.5,0.001,0.0005887544943332273,0.00014819669387970658,0.00014864294224448387,3.972791017936796,3.9608641045658253,3.9608641045658253
fine,f10_wc0p5_eta0p001,40-50,0.5,0.001,0.000597716962909661,0.00040850485967503837,0.00030243828042107523,1.463182013024616,1.9763270776354058,1.463182013024616
fine,f10_wc0p5_eta0p001,50-60,0.5,0.001,0.0006029440928633135,0.0008737157965479827,0.0007338985851973992,0.6900917841310896,0.8215632309757589,0.6900917841310896
fine,f10_wc0p5_eta0p001,60-70,0.5,0.001,0.0006662074593677619,0.0017033992995704398,0.0016991448064164992,0.39110469256137703,0.3920839806307004,0.39110469256137703
fine,f10_wc0p5_eta0p001,70-75,0.5,0.001,0.0007027815087308188,0.002849828847985572,0.003038967974943724,0.24660481250570065,0.23125663532003263,0.23125663532003263
fine,f11_wc1_eta0p0002,0-10,1.0,0.0002,0.00011896612092091424,1.2522311239549938e-06,1.420672670384667e-06,95.00332538068267,83.73929012705122,83.73929012705122
fine,f11_wc1_eta0p0002,10-20,1.0,0.0002,0.00013595471821478466,5.095389867581365e-06,5.119830593433999e-06,26.681906929198032,26.554534517048623,26.554534517048623
fine,f11_wc1_eta0p0002,20-30,1.0,0.0002,0.00010148749060482463,9.955361350731743e-06,1.0705372990775571e-05,10.194254837104939,9.480051810644309,9.480051810644309
fine,f11_wc1_eta0p0002,30-40,1.0,0.0002,0.00011272271782951233,2.017789820244981e-05,1.8725265833173763e-05,5.586444965602344,6.0198193624473015,5.586444965602344
fine,f11_wc1_eta0p0002,40-50,1.0,0.0002,0.00010896005405291816,2.7346207384575572e-05,3.473173803230644e-05,3.984466749651591,3.1371897931386767,3.1371897931386767
fine,f11_wc1_eta0p0002,50-60,1.0,0.0002,0.00010443593454454306,5.0598047224307065e-05,4.694847170913054e-05,2.064030931501493,2.224479961596542,2.064030931501493
fine,f11_wc1_eta0p0002,60-70,1.0,0.0002,0.00010848571395510874,5.890961450148081e-05,6.972634143544679e-05,1.8415621095667116,1.5558784775126298,1.5558784775126298
fine,f11_wc1_eta0p0002,70-75,1.0,0.0002,0.00010770652115438861,0.00010980461675047946,9.261396532905057e-05,0.9808924646505659,1.1629619871227337,0.9808924646505659
fine,f12_wc1_eta0p0003,0-10,1.0,0.0003,0.00017840695759960835,2.280371452651948e-06,1.861853964652278e-06,78.23591958763154,95.82220785663382,78.23591958763154
fine,f12_wc1_eta0p0003,10-20,1.0,0.0003,0.0002039391375873356,5.79862479450259e-06,6.4662221876374975e-06,35.17025929676998,31.539147846982186,31.539147846982186
fine,f12_wc1_eta0p0003,20-30,1.0,0.0003,0.00015251408452267466,1.676067340834119e-05,1.706537639426951e-05,9.09952009725181,8.937047797778918,8.937047797778918
fine,f12_wc1_eta0p0003,30-40,1.0,0.0003,0.00016991521212665316,2.945171561757793e-05,2.874063598137905e-05,5.769280619606456,5.912019909258118,5.769280619606456
fine,f12_wc1_eta0p0003,40-50,1.0,0.0003,0.00016470512631656538,5.901907701013919e-05,5.653732142528658e-05,2.7907099646487157,2.9132106397049835,2.7907099646487157
fine,f12_wc1_eta0p0003,50-60,1.0,0.0003,0.00015876756562252137,9.639723417422223e-05,8.466345638449629e-05,1.6470137030651208,1.875278572392364,1.6470137030651208
fine,f12_wc1_eta0p0003,60-70,1.0,0.0003,0.0001657248557695968,0.00012022475535787666,0.0001269589160905924,1.378458664991903,1.3053423963649997,1.3053423963649997
fine,f12_wc1_eta0p0003,70-75,1.0,0.0003,0.00016529936973309447,0.00018723298902855132,0.00019690369040814714,0.8828538741529562,0.8394935076658929,0.8394935076658929
fine,f13_wc1_eta0p0005,0-10,1.0,0.0005,0.0002972049735107805,2.241990013219969e-06,2.776947191130933e-06,132.56302292084328,107.02579237372586,107.02579237372586
fine,f13_wc1_eta0p0005,10-20,1.0,0.0005,0.0003399272547469957,1.1301878197304916e-05,1.063469700358528e-05,30.077058769581846,31.963981167718824,30.077058769581846
fine,f13_wc1_eta0p0005,20-30,1.0,0.0005,0.0002551877709309211,2.9100758878916995e-05,2.3674862020451975e-05,8.76911052363656,10.778849342837661,8.76911052363656
fine,f13_wc1_eta0p0005,30-40,1.0,0.0005,0.0002861170826363446,4.6268539034772186e-05,5.351371313850369e-05,6.183836546499104,5.346612407474306,5.346612407474306
fine,f13_wc1_eta0p0005,40-50,1.0,0.0005,0.00027912665654347425,0.00011284952954430436,0.00011172362430546941,2.4734410295781517,2.4983673621283486,2.4734410295781517
fine,f13_wc1_eta0p0005,50-60,1.0,0.0005,0.0002724807450881271,0.00019439797262194798,0.00020541441116166413,1.4016645411113893,1.3264928373193876,1.3264928373193876
fine,f13_wc1_eta0p0005,60-70,1.0,0.0005,0.00028754047962534554,0.00033082054489786165,0.0003319335546337529,0.8691735868886906,0.8662591522047551,0.8662591522047551
fine,f13_wc1_eta0p0005,70-75,1.0,0.0005,0.00028983174594595366,0.0005405197001810032,0.0005320209786375634,0.5362094033740085,0.5447750325338206,0.5362094033740085
fine,f14_wc1_eta0p0007,0-10,1.0,0.0007,0.00041589248994894265,3.802566532061651e-06,3.3463645908888958e-06,109.3715222185624,124.2818822196744,109.3715222185624
fine,f14_wc1_eta0p0007,10-20,1.0,0.0007,0.0004759479212905284,1.8513251795264954e-05,1.3821545574072814e-05,25.70849932545396,34.435217012440106,25.70849932545396
fine,f14_wc1_eta0p0007,20-30,1.0,0.0007,0.00035876039306644204,4.056416062762328e-05,3.9754353949115655e-05,8.844270102365542,9.024430217772982,8.844270102365542
fine,f14_wc1_eta0p0007,30-40,1.0,0.0007,0.00040493844055807443,8.157483343704104e-05,8.801594416132553e-05,4.964011858762831,4.600739609358251,4.600739609358251
fine,f14_wc1_eta0p0007,40-50,1.0,0.0007,0.0003979563433719828,0.00020635031645552178,0.00018406625697348073,1.9285472889389106,2.1620276845707695,1.9285472889389106
fine,f14_wc1_eta0p0007,50-60,1.0,0.0007,0.0003939040674350245,0.0003364470408368421,0.0003474608166683647,1.1707758417350618,1.1336647142316127,1.1336647142316127
fine,f14_wc1_eta0p0007,60-70,1.0,0.0007,0.00042067091772952827,0.0008007357549031995,0.0007074908113958894,0.5253554810730076,0.5945955918488024,0.5253554810730076
fine,f14_wc1_eta0p0007,70-75,1.0,0.0007,0.00042886990672829376,0.0010593012403723474,0.0011004353517665955,0.4048611390066387,0.38972748925214273,0.38972748925214273
fine,f15_wc1_eta0p001,0-10,1.0,0.001,0.0005937192890313016,4.479089042492048e-06,5.117369428583198e-06,132.55358029251676,116.02040800788532,116.02040800788532
fine,f15_wc1_eta0p001,10-20,1.0,0.001,0.0006800578195240452,2.0155679527837217e-05,2.5362687793239848e-05,33.74025760752994,26.813318251912847,26.813318251912847
fine,f15_wc1_eta0p001,20-30,1.0,0.001,0.0005159882105692882,6.25251716099629e-05,6.147281018783495e-05,8.252487714676972,8.393763177454327,8.252487714676972
fine,f15_wc1_eta0p001,30-40,1.0,0.001,0.0005885711530264788,0.00017504009003802546,0.00014633587037057868,3.36249343163968,4.022056598535891,3.36249343163968
fine,f15_wc1_eta0p001,40-50,1.0,0.001,0.0005856686612603776,0.0002964256887142316,0.0003408023786891844,1.9757689146334074,1.718499335342122,1.718499335342122
fine,f15_wc1_eta0p001,50-60,1.0,0.001,0.0005927073190814685,0.0008547800133483942,0.0007437063253528225,0.6934033433464135,0.7969642033100655,0.6934033433464135
fine,f15_wc1_eta0p001,60-70,1.0,0.001,0.0006448666630136167,0.001690408726810205,0.0017364010347409235,0.3814856447354467,0.3713811787205211,0.3713811787205211
fine,f15_wc1_eta0p001,70-75,1.0,0.001,0.0006687879495541909,0.00277080517429378,0.0029098750173148476,0.2413695324950629,0.2298339088705363,0.2298339088705363
fine,f16_wc2_eta0p0002,0-10,2.0,0.0002,0.00011749992997886258,1.2882374277070397e-06,1.0775661583754693e-06,91.20984024505725,109.04196374912571,91.20984024505725
fine,f16_wc2_eta0p0002,10-20,2.0,0.0002,0.00013194701754044524,5.959513755550331e-06,4.6426851927983185e-06,22.140567662514037,28.42041018527812,22.140567662514037
fine,f16_wc2_eta0p0002,20-30,2.0,0.0002,9.892312299283673e-05,1.2213922837231114e-05,1.0911517247645124e-05,8.099209755222468,9.06593654646753,8.099209755222468
fine,f16_wc2_eta0p0002,30-40,2.0,0.0002,0.0001116691991746664,2.135984792293557e-05,2.0940830824443764e-05,5.227995984688605,5.332605955839987,5.227995984688605
fine,f16_wc2_eta0p0002,40-50,2.0,0.0002,0.0001046250796629985,3.121718963717359e-05,3.4172970873195976e-05,3.351521417495264,3.061632541438256,3.061632541438256
fine,f16_wc2_eta0p0002,50-60,2.0,0.0002,0.00010275701450801207,5.9908319008402766e-05,5.145351899653027e-05,1.715237820203223,1.9970842910655229,1.715237820203223
fine,f16_wc2_eta0p0002,60-70,2.0,0.0002,0.00010515759187866405,5.867645878403943e-05,7.556694736094204e-05,1.7921598211251961,1.3915818430031806,1.3915818430031806
fine,f16_wc2_eta0p0002,70-75,2.0,0.0002,0.00010409203975195048,7.333079529260608e-05,9.479709663068565e-05,1.4194860336179396,1.0980509261531124,1.0980509261531124
fine,f17_wc2_eta0p0003,0-10,2.0,0.0003,0.0001762133679629911,1.5570187299977353e-06,1.7519761312016714e-06,113.17356982805686,100.57977664463229,100.57977664463229
fine,f17_wc2_eta0p0003,10-20,2.0,0.0003,0.00019794332886309768,7.82519575613383e-06,6.983504903173782e-06,25.295639244288363,28.34441037954147,25.295639244288363
fine,f17_wc2_eta0p0003,20-30,2.0,0.0003,0.00014871029264484066,1.6229319487933156e-05,1.4780721637152238e-05,9.163063969220023,10.061098253217105,9.163063969220023
fine,f17_wc2_eta0p0003,30-40,2.0,0.0003,0.00016828175572086666,3.014366724040578e-05,3.184418636921783e-05,5.582657026391767,5.284536202926389,5.284536202926389
fine,f17_wc2_eta0p0003,40-50,2.0,0.0003,0.00015800398197684338,4.4656391142439626e-05,5.2344827416174935e-05,3.5382165449254765,3.018521404619609,3.018521404619609
fine,f17_wc2_eta0p0003,50-60,2.0,0.0003,0.00015567902563012819,8.924795816890814e-05,8.366905868448398e-05,1.7443427146590234,1.8606522898410247,1.7443427146590234
fine,f17_wc2_eta0p0003,60-70,2.0,0.0003,0.00015960284328682506,0.00016398911106246507,0.00012042877176906176,0.9732526888692674,1.3252883089506617,0.9732526888692674
fine,f17_wc2_eta0p0003,70-75,2.0,0.0003,0.00015821467671917514,0.0001413990861284077,0.00017351699459401627,1.1189229085646057,0.9118108407153749,0.9118108407153749
fine,f18_wc2_eta0p0005,0-10,2.0,0.0005,0.00029356792204352384,2.4095169903977675e-06,2.714833333865512e-06,121.83683419267408,108.13478616955373,108.13478616955373
fine,f18_wc2_eta0p0005,10-20,2.0,0.0005,0.000329986506119307,1.1696788331046368e-05,1.1767052253674453e-05,28.211719044571883,28.043260028548215,28.043260028548215
fine,f18_wc2_eta0p0005,20-30,2.0,0.0005,0.00024898370723933056,2.657803028231104e-05,2.976043674667147e-05,9.368027073286962,8.366265231882993,8.366265231882993
fine,f18_wc2_eta0p0005,30-40,2.0,0.0005,0.0002831777157776808,5.010129313882926e-05,5.5511030796217326e-05,5.652103928595284,5.101287288597374,5.101287288597374
fine,f18_wc2_eta0p0005,40-50,2.0,0.0005,0.00026715889253417063,9.882911933347204e-05,0.0001082843821110026,2.703240647452452,2.4671969062011674,2.4671969062011674
fine,f18_wc2_eta0p0005,50-60,2.0,0.0005,0.00026505900517741074,0.0002183129883160276,0.0002116217781603773,1.2141238467851216,1.2525128910718069,1.2141238467851216
fine,f18_wc2_eta0p0005,60-70,2.0,0.0005,0.000272855398770892,0.00036343956858561556,0.0003169963682970336,0.7507586469815417,0.8607524440633956,0.7507586469815417
fine,f18_wc2_eta0p0005,70-75,2.0,0.0005,0.0002713971838518447,0.00043434092721810836,0.0005138279502063983,0.6248482858617652,0.5281868838447341,0.5281868838447341
fine,f19_wc2_eta0p0007,0-10,2.0,0.0007,0.0004108270134314025,3.642671275005152e-06,3.180918821971162e-06,112.78179731736057,129.15356738868923,112.78179731736057
fine,f19_wc2_eta0p0007,10-20,2.0,0.0007,0.00046210365071581956,1.561866604189707e-05,1.6021266891156773e-05,29.58662727509677,28.84314042423736,28.84314042423736
fine,f19_wc2_eta0p0007,20-30,2.0,0.0007,0.000350251588644329,4.315177083265404e-05,3.928746643579541e-05,8.116737317748377,8.91509736869185,8.116737317748377
fine,f19_wc2_eta0p0007,30-40,2.0,0.0007,0.00040044805118904966,9.37485104513654e-05,7.574423979467263e-05,4.27151374737621,5.286844943913671,4.27151374737621
fine,f19_wc2_eta0p0007,40-50,2.0,0.0007,0.00037984141229721526,0.0002119595585707776,0.00017251447408232878,1.7920466284155734,2.2017944541624037,1.7920466284155734
fine,f19_wc2_eta0p0007,50-60,2.0,0.0007,0.00037970129414113975,0.0003608688048287638,0.0003466496276193741,1.0521865261291072,1.0953460320980262,1.0521865261291072
fine,f19_wc2_eta0p0007,60-70,2.0,0.0007,0.00039267831301366375,0.0007062239185558253,0.0007541852386080655,0.5560252247143672,0.5206656042995434,0.5206656042995434
fine,f19_wc2_eta0p0007,70-75,2.0,0.0007,0.0003920897306783484,0.0012329339168593032,0.0011858275818395323,0.31801358152035647,0.33064649252812417,0.31801358152035647
fine,f20_wc2_eta0p001,0-10,2.0,0.001,0.0005865391661506022,5.253896334830306e-06,5.313138739354687e-06,111.63889212320112,110.39409940607744,110.39409940607744
fine,f20_wc2_eta0p001,10-20,2.0,0.001,0.0006604351632107982,2.5095745279934168e-05,2.3454509999419872e-05,26.316618846895256,28.158130919261733,26.316618846895256
fine,f20_wc2_eta0p001,20-30,2.0,0.001,0.0005041772944034207,5.2386048959755774e-05,7.414570008569664e-05,9.624266468172506,6.799818382194775,6.799818382194775
fine,f20_wc2_eta0p001,30-40,2.0,0.001,0.0005811701990980245,0.0001291862316489542,0.00013543647416472404,4.4987007646238535,4.29109073225857,4.29109073225857
fine,f20_wc2_eta0p001,40-50,2.0,0.001,0.0005562854984343471,0.0003410151682737776,0.0003758099266021785,1.631263211106621,1.4802309866157815,1.4802309866157815
fine,f20_wc2_eta0p001,50-60,2.0,0.001,0.000562817734148732,0.0008358275754924846,0.0008118284967130145,0.6733658360303675,0.6932717149342578,0.6733658360303675
fine,f20_wc2_eta0p001,60-70,2.0,0.001,0.0005864627551858433,0.0016568728082934025,0.0018534205029543031,0.3539576195893434,0.3164218558341387,0.3164218558341387
fine,f20_wc2_eta0p001,70-75,2.0,0.001,0.0005892972662597765,0.003561641484778056,0.0026004978616970447,0.16545664935068516,0.22660940235313642,0.16545664935068516
fine,f21_wc4_eta0p0002,0-10,4.0,0.0002,0.00011481407854847166,9.365754532238005e-07,1.449278244671047e-06,122.58924590994606,79.22155664078973,79.22155664078973
fine,f21_wc4_eta0p0002,10-20,4.0,0.0002,0.00012372250926485708,5.089915034527008e-06,4.9242853583958634e-06,24.30738203400173,25.12496743388587,24.30738203400173
fine,f21_wc4_eta0p0002,20-30,4.0,0.0002,9.566712451971666e-05,1.3674923383600713e-05,1.303598477111576e-05,6.995806984516118,7.338695633619433,6.995806984516118
fine,f21_wc4_eta0p0002,30-40,4.0,0.0002,0.00010615242991624243,1.8244149850644866e-05,2.0589562979921757e-05,5.818436637785581,5.155642692356253,5.155642692356253
fine,f21_wc4_eta0p0002,40-50,4.0,0.0002,9.872960852478488e-05,2.7323420656093498e-05,2.7533549793579494e-05,3.6133692690767405,3.5857929422455905,3.5857929422455905
fine,f21_wc4_eta0p0002,50-60,4.0,0.0002,9.936180253887967e-05,4.0153604915284855e-05,3.983840196877223e-05,2.474542516133007,2.494121190321979,2.474542516133007
fine,f21_wc4_eta0p0002,60-70,4.0,0.0002,9.956920205343611e-05,4.9853077564673284e-05,4.151322508941806e-05,1.9972528661699414,2.3984935364324858,1.9972528661699414
fine,f21_wc4_eta0p0002,70-75,4.0,0.0002,9.94696316685757e-05,9.12718802185793e-05,6.075562243099977e-05,1.0898168354849742,1.637208667914537,1.0898168354849742
fine,f22_wc4_eta0p0003,0-10,4.0,0.0003,0.00017219344368518878,1.7789769633002336e-06,2.1320936989653076e-06,96.79352079171815,80.76260615035504,80.76260615035504
fine,f22_wc4_eta0p0003,10-20,4.0,0.0003,0.0001856293382803159,8.293065023792723e-06,7.79198546455754e-06,22.383682962541247,23.82311146814449,22.383682962541247
fine,f22_wc4_eta0p0003,20-30,4.0,0.0003,0.0001438208686847096,1.892107898833901e-05,1.69606642077963e-05,7.601092346443132,8.479671958754983,7.601092346443132
fine,f22_wc4_eta0p0003,30-40,4.0,0.0003,0.0001597230344629632,3.6364565489013464e-05,3.1592051284065006e-05,4.392271221038487,5.055798150831925,4.392271221038487
fine,f22_wc4_eta0p0003,40-50,4.0,0.0003,0.00014862228945248076,4.1589524158064586e-05,4.339247506248265e-05,3.5735510915592323,3.4250705736069045,3.4250705736069045
fine,f22_wc4_eta0p0003,50-60,4.0,0.0003,0.00014962702580804613,6.908385678100483e-05,7.88725845817216e-05,2.1658753981029517,1.8970726850343584,1.8970726850343584
fine,f22_wc4_eta0p0003,60-70,4.0,0.0003,0.000149969578667903,0.00014388892696264068,0.00011449106131395042,1.0422593442985442,1.3098802382193449,1.0422593442985442
fine,f22_wc4_eta0p0003,70-75,4.0,0.0003,0.0001498411282828471,0.00020218192197295226,0.00017794339980021617,0.7411203079911998,0.8420718523478783,0.7411203079911998
fine,f23_wc4_eta0p0005,0-10,4.0,0.0005,0.00028689746199309774,2.8172378304447797e-06,2.3283279450735066e-06,101.83643670147755,123.2203833657291,101.83643670147755
fine,f23_wc4_eta0p0005,10-20,4.0,0.0005,0.000309538100343395,9.627773597415372e-06,9.648395422786726e-06,32.15053794228108,32.08182156510245,32.08182156510245
fine,f23_wc4_eta0p0005,20-30,4.0,0.0005,0.0002407967261751461,2.92117030592933e-05,3.007040734272514e-05,8.243159451757467,8.007764026296154,8.007764026296154
fine,f23_wc4_eta0p0005,30-40,4.0,0.0005,0.00026790063844892297,5.431999144844005e-05,5.659517343426146e-05,4.931897655087287,4.733630488121128,4.733630488121128
fine,f23_wc4_eta0p0005,40-50,4.0,0.0005,0.0002495452556242614,6.230613098293099e-05,0.00010663449525149046,4.005147674674669,2.3401925899843694,2.3401925899843694
fine,f23_wc4_eta0p0005,50-60,4.0,0.0005,0.00025143511363218986,0.00012926244167623605,0.00015596516472514993,1.9451521290458058,1.6121235410181634,1.6121235410181634
fine,f23_wc4_eta0p0005,60-70,4.0,0.0005,0.00025213439911675705,0.00024640831497717844,0.0002897147153513838,1.0232381936466266,0.8702850968786758,0.8702850968786758
fine,f23_wc4_eta0p0005,70-75,4.0,0.0005,0.00025200788409386805,0.00047524971745714503,0.0005150571389285914,0.530264142906287,0.489281411802365,0.489281411802365
fine,f24_wc4_eta0p0007,0-10,4.0,0.0007,0.0004015293699744254,3.6785854968768376e-06,3.3947325745779955e-06,109.15319769387678,118.28011813989211,109.15319769387678
fine,f24_wc4_eta0p0007,10-20,4.0,0.0007,0.0004335789012984207,1.4502369226402036e-05,1.2601529398425324e-05,29.897108157271035,34.40684758094525,29.897108157271035
fine,f24_wc4_eta0p0007,20-30,4.0,0.0007,0.0003387002006292954,4.084376672527628e-05,4.893646359867824e-05,8.292579940225979,6.921223474727005,6.921223474727005
fine,f24_wc4_eta0p0007,30-40,4.0,0.0007,0.00037752140228556035,8.76369150394208e-05,8.076659965293652e-05,4.307789726689305,4.6742267708163245,4.307789726689305
fine,f24_wc4_eta0p0007,40-50,4.0,0.0007,0.0003520901405373588,0.0001802814428089175,0.00017034574515516635,1.9530026776552007,2.0669147927155045,1.9530026776552007
fine,f24_wc4_eta0p0007,50-60,4.0,0.0007,0.0003550862397881442,0.0003021086145332723,0.0003941172060909563,1.1753595319905625,0.9009660940968806,0.9009660940968806
fine,f24_wc4_eta0p0007,60-70,4.0,0.0007,0.0003562875204673714,0.0006357698753174381,0.0004936754260335777,0.5604032753037851,0.7217039813586715,0.5604032753037851
fine,f24_wc4_eta0p0007,70-75,4.0,0.0007,0.0003562655432775674,0.0010059189575493679,0.0010280711182038362,0.3541692306361398,0.3465378386468108,0.3465378386468108
fine,f25_wc4_eta0p001,0-10,4.0,0.001,0.0005733441991877085,4.712274254895101e-06,4.403892382878539e-06,121.67037998523105,130.19032922256616,121.67037998523105
fine,f25_wc4_eta0p001,10-20,4.0,0.001,0.0006199012923103186,2.300515220187528e-05,2.341266645286677e-05,26.94619391649958,26.47717608578559,26.47717608578559
fine,f25_wc4_eta0p001,20-30,4.0,0.001,0.0004873877293054716,5.966500499951388e-05,6.399988697296099e-05,8.168736922245168,7.615446719638516,7.615446719638516
fine,f25_wc4_eta0p001,30-40,4.0,0.001,0.0005448128239915247,0.00013341066138049888,0.0001490155368206091,4.0837277797287195,3.6560806719596783,3.6560806719596783
fine,f25_wc4_eta0p001,40-50,4.0,0.001,0.0005092122238386479,0.00026273357066697463,0.0002396397660361827,1.9381315548902385,2.1249070313387097,1.9381315548902385
fine,f25_wc4_eta0p001,50-60,4.0,0.001,0.000514366976169247,0.0004901916417539575,0.0005549606707136175,1.04931812857679,0.9268530245716845,0.9268530245716845
fine,f25_wc4_eta0p001,60-70,4.0,0.001,0.0005166681064834347,0.001995484595074021,0.00161054954904146,0.2589186144352416,0.32080236636677,0.2589186144352416
fine,f25_wc4_eta0p001,70-75,4.0,0.001,0.0005170528514883224,0.003012320373621737,0.0018093680969063523,0.17164603606443946,0.28576432422588666,0.17164603606443946
fine,f26_wc7_eta0p0003,0-10,7.0,0.0003,0.0001666278983050697,1.5028717084750376e-06,1.8005188932513329e-06,110.87300224324994,92.54437647370483,92.54437647370483
fine,f26_wc7_eta0p0003,10-20,7.0,0.0003,0.00016875526620124142,7.242093862216046e-06,6.124941746643218e-06,23.301999312889755,27.552142237716456,23.301999312889755
fine,f26_wc7_eta0p0003,20-30,7.0,0.0003,0.00014002109341010858,1.5088845948814644e-05,1.6301924368696125e-05,9.279774867150023,8.589237089026433,8.589237089026433
fine,f26_wc7_eta0p0003,30-40,7.0,0.0003,0.0001454069853370132,2.3810399450378103e-05,2.4568464624625292e-05,6.106868792354686,5.918440063660709,5.918440063660709
fine,f26_wc7_eta0p0003,40-50,7.0,0.0003,0.00014477653236904555,3.564526755806712e-05,4.3433690367698524e-05,4.061591966821418,3.3332772588146304,3.3332772588146304
fine,f26_wc7_eta0p0003,50-60,7.0,0.0003,0.0001422714115810714,7.400036893298552e-05,6.338676943074055e-05,1.9225770578240213,2.2444969645680404,1.9225770578240213
fine,f26_wc7_eta0p0003,60-70,7.0,0.0003,0.00014321417743058467,9.410610107063787e-05,9.472736445004664e-05,1.5218373283054765,1.5118564552284888,1.5118564552284888
fine,f26_wc7_eta0p0003,70-75,7.0,0.0003,0.00014317294734851737,0.00021202005332939143,0.00014590430174730025,0.6752802157166042,0.9812798226914964,0.6752802157166042
fine,f27_wc10_eta0p0003,0-10,10.0,0.0003,0.00016199937288519664,1.8391625374759246e-06,1.5929391030869914e-06,88.08322787366328,101.69840929339642,88.08322787366328
fine,f27_wc10_eta0p0003,10-20,10.0,0.0003,0.00015842901099356733,7.531319098213716e-06,7.073945708400844e-06,21.0360242246466,22.396130465833362,21.0360242246466
fine,f27_wc10_eta0p0003,20-30,10.0,0.0003,0.00014001168557581058,1.3303076843033582e-05,1.5568917132227822e-05,10.524759589668195,8.993026578963859,8.993026578963859
fine,f27_wc10_eta0p0003,30-40,10.0,0.0003,0.00014034305659059394,2.2635763950494952e-05,2.1244340076209193e-05,6.200058319106354,6.606138674449074,6.200058319106354
fine,f27_wc10_eta0p0003,40-50,10.0,0.0003,0.00014167540260189498,3.2544333606299167e-05,4.588833188407926e-05,4.353304766224274,3.087394916855729,3.087394916855729
fine,f27_wc10_eta0p0003,50-60,10.0,0.0003,0.00014076483812115224,6.466197085669764e-05,7.715479000338191e-05,2.17693392663691,1.824447168023944,1.824447168023944
fine,f27_wc10_eta0p0003,60-70,10.0,0.0003,0.00014020589601560518,0.0001337119776401728,0.00011766003161832301,1.0485664671934471,1.191618717819307,1.0485664671934471
fine,f27_wc10_eta0p0003,70-75,10.0,0.0003,0.00014047264609137159,0.00022316152527429686,0.00011122609920719901,0.6294662393918977,1.2629468001902167,0.6294662393918977
