label,scope,window_start,window_stop,ntraj,back_replicas,runtime_seconds_64_cores,Q,qm_signal_rms,error_rms,target_Q,trajectory_multiplier,estimated_ntraj_for_target,estimated_runtime_seconds_64_cores
n100k-b16-r1,all,0,50,100000,16,71.0,4.930358388346678,1.7958460735388406e-05,3.6424250167766214e-06,10.0,4.113798555197996,411379.85551979963,292.0796974190577
n100k-b16-r1,active,0,50,100000,16,71.0,4.934990790798811,2.3184233245814194e-05,4.697928370816966e-06,10.0,4.1060790569583325,410607.90569583327,291.5316130440416
n100k-b16-r1,all,50,100,100000,16,71.0,1.1121868762735547,1.6435552239191667e-05,1.4777689424154973e-05,10.0,80.84338093120749,8084338.093120749,5739.880046115732
n100k-b16-r1,active,50,100,100000,16,71.0,1.1140354372773071,2.121799660821531e-05,1.9046069719354625e-05,10.0,80.57531058543962,8057531.058543962,5720.847051566213
n100k-b16-r1,all,100,150,100000,16,71.0,0.30768432276216584,1.6442046733492177e-05,5.343803865561772e-05,10.0,1056.3048236700915,105630482.36700915,74997.6424805765
n100k-b16-r1,active,100,150,100000,16,71.0,0.3081697281747314,2.1226221403759675e-05,6.887834677818992e-05,10.0,1052.9798230581673,105297982.30581672,74761.56743712988
n100k-b16-r1,all,150,200,100000,16,71.0,0.10581388552314515,1.6444216549806218e-05,0.0001554069814987495,10.0,8931.299965028387,893129996.5028387,634122.2975170155
n100k-b16-r1,active,150,200,100000,16,71.0,0.10589826038817413,2.122891743598501e-05,0.00020046521404761138,10.0,8917.073536407619,891707353.6407619,633112.221084941
n100k-b16-r2,all,0,50,100000,16,79.0,5.440704657631977,1.7958460735388406e-05,3.300760078971955e-06,10.0,3.3782337566959026,337823.37566959026,266.8804667789763
n100k-b16-r2,active,0,50,100000,16,79.0,5.447597536467226,2.3184233245814194e-05,4.255863817144098e-06,10.0,3.369690165139882,336969.0165139882,266.2055230460507
n100k-b16-r2,all,50,100,100000,16,79.0,1.11921005685425,1.6435552239191667e-05,1.4684957607856806e-05,10.0,79.83196002361402,7983196.002361402,6306.724841865507
n100k-b16-r2,active,50,100,100000,16,79.0,1.120960854443554,2.121799660821531e-05,1.892840104460913e-05,10.0,79.58278013213653,7958278.013213653,6287.039630438786
n100k-b16-r2,all,100,150,100000,16,79.0,0.2794922829258447,1.6442046733492177e-05,5.8828267318760294e-05,10.0,1280.148518282358,128014851.8282358,101131.73294430629
n100k-b16-r2,active,100,150,100000,16,79.0,0.2796810753134797,2.1226221403759675e-05,7.589437855231474e-05,10.0,1278.420830958945,127842083.09589452,100995.24564575666
n100k-b16-r2,all,150,200,100000,16,79.0,0.09624005864801652,1.6444216549806218e-05,0.00017086665138005015,10.0,10796.6305878937,1079663058.78937,852933.8164436023
n100k-b16-r2,active,150,200,100000,16,79.0,0.09629862007124491,2.122891743598501e-05,0.00022044882284168925,10.0,10783.503217947824,1078350321.7947824,851896.7542178781
n100k-b16-r3,all,0,50,100000,16,70.0,4.769591471603551,1.7958460735388406e-05,3.765198936283471e-06,10.0,4.395797075274638,439579.7075274638,307.70579526922467
n100k-b16-r3,active,0,50,100000,16,70.0,4.773985179934654,2.3184233245814194e-05,4.856368918625662e-06,10.0,4.387709508258259,438770.95082582586,307.1396655780781
n100k-b16-r3,all,50,100,100000,16,70.0,1.208735243238524,1.6435552239191667e-05,1.3597313664120887e-05,10.0,68.44435416177177,6844435.416177177,4791.104791324024
n100k-b16-r3,active,50,100,100000,16,70.0,1.2119653040360059,2.121799660821531e-05,1.750709903786565e-05,10.0,68.08001234387505,6808001.234387506,4765.600864071253
n100k-b16-r3,all,100,150,100000,16,70.0,0.2998020286374285,1.6442046733492177e-05,5.484301359873949e-05,10.0,1112.5790185069527,111257901.85069527,77880.5312954867
n100k-b16-r3,active,100,150,100000,16,70.0,0.3001146371688539,2.1226221403759675e-05,7.07270448519215e-05,10.0,1110.262433378416,111026243.3378416,77718.37033648913
n100k-b16-r3,all,150,200,100000,16,70.0,0.1041410921063724,1.6444216549806218e-05,0.0001579032466167118,10.0,9220.527013947105,922052701.3947105,645436.8909762973
n100k-b16-r3,active,150,200,100000,16,70.0,0.10421670253952252,2.122891743598501e-05,0.00020369976135000323,10.0,9207.152667558434,920715266.7558434,644500.6867290904
n50k-b32,all,0,50,50000,32,70.0,4.047391191457207,1.7958460735388406e-05,4.437045960196082e-06,10.0,6.1044935002200384,305224.67501100193,427.3145450154027
n50k-b32,active,0,50,50000,32,70.0,4.048892393888763,2.3184233245814194e-05,5.726068018208524e-06,10.0,6.099967629578066,304998.3814789033,426.9977340704646
n50k-b32,all,50,100,50000,32,70.0,0.9783551013169778,1.6435552239191667e-05,1.6799168540203383e-05,10.0,104.47369916776115,5223684.958388058,7313.158941743281
n50k-b32,active,50,100,50000,32,70.0,0.9795627624098183,2.121799660821531e-05,2.16606810941006e-05,10.0,104.21625563790705,5210812.7818953525,7295.137894653494
n50k-b32,all,100,150,50000,32,70.0,0.29625895576194966,1.6442046733492177e-05,5.549890193599315e-05,10.0,1139.3496533975488,56967482.66987744,79754.47573782841
n50k-b32,active,100,150,50000,32,70.0,0.2966245249128933,2.1226221403759675e-05,7.155922596081009e-05,10.0,1136.5430451103043,56827152.25551522,79558.0131577213
n50k-b32,all,150,200,50000,32,70.0,0.1697683899944543,1.6444216549806218e-05,9.686265240745577e-05,10.0,3469.6553710210246,173482768.55105123,242875.87597147172
n50k-b32,active,150,200,50000,32,70.0,0.1702342586921545,2.122891743598501e-05,0.00012470414356709845,10.0,3450.6910087416463,172534550.43708232,241548.37061191525
n200k-b8,all,0,50,200000,8,72.0,1.9795896840997484,1.7958460735388406e-05,9.071809617736676e-06,10.0,25.518176445618916,5103635.289123783,1837.308704084562
n200k-b8,active,0,50,200000,8,72.0,1.9798664183679626,2.3184233245814194e-05,1.1709998730583728e-05,10.0,25.511043378161652,5102208.675632331,1836.795123227639
n200k-b8,all,50,100,200000,8,72.0,0.5210954680971851,1.6435552239191667e-05,3.154038606247562e-05,10.0,368.26920785242015,73653841.57048403,26515.38296537425
n200k-b8,active,50,100,200000,8,72.0,0.5212576951981601,2.121799660821531e-05,4.070538776439382e-05,10.0,368.0400162268629,73608003.24537258,26498.88116833413
n200k-b8,all,100,150,200000,8,72.0,0.26215513469851376,1.6442046733492177e-05,6.271876670430668e-05,10.0,1455.0679107258484,291013582.1451697,104764.88957226108
n200k-b8,active,100,150,200000,8,72.0,0.26237748772725333,2.1226221403759675e-05,8.08995527307768e-05,10.0,1452.6027475172455,290520549.5034491,104587.39782124167
n200k-b8,all,150,200,200000,8,72.0,0.15870353719382763,1.6444216549806218e-05,0.0001036159422818824,10.0,3970.3316620605415,794066332.4121083,285863.879668359
n200k-b8,active,150,200,200000,8,72.0,0.15903162612302102,2.122891743598501e-05,0.000133488652248095,10.0,3953.96663815375,790793327.63075,284685.59794707
n400k-b4,all,0,50,400000,4,74.0,1.9794820631297618,1.7958460735388406e-05,9.072302836123839e-06,10.0,25.52095127809458,10208380.511237832,1888.5503945789987
n400k-b4,active,0,50,400000,4,74.0,1.9798425598507448,2.3184233245814194e-05,1.171013984443389e-05,10.0,25.511658234461233,10204663.293784494,1887.8627093501314
n400k-b4,all,50,100,400000,4,74.0,0.582285070017784,1.6435552239191667e-05,2.8225955095653917e-05,10.0,294.93661424065675,117974645.6962627,21825.3094538086
n400k-b4,active,50,100,400000,4,74.0,0.582540575588691,2.121799660821531e-05,3.642320809460061e-05,10.0,294.67794926537323,117871179.7061493,21806.16824563762
n400k-b4,all,100,150,400000,4,74.0,0.2714031272702377,1.6442046733492177e-05,6.0581640671814125e-05,10.0,1357.5952346883062,543038093.8753225,100462.04736693465
n400k-b4,active,100,150,400000,4,74.0,0.2716854872219647,2.1226221403759675e-05,7.812791776550814e-05,10.0,1354.7748313380973,541909932.535239,100253.3375190192
n400k-b4,all,150,200,400000,4,74.0,0.2070229173859529,1.6444216549806218e-05,7.943186559944597e-05,10.0,2333.2600824923597,933304032.996944,172661.24610443463
n400k-b4,active,150,200,400000,4,74.0,0.20771805940941748,2.122891743598501e-05,0.00010220063434225661,10.0,2317.6693999708755,927067759.9883502,171507.53559784478
n800k-b2,all,0,50,800000,2,76.0,2.1648825750517378,1.7958460735388406e-05,8.295350954524276e-06,10.0,21.33689943471147,17069519.547769174,1621.6043570380716
n800k-b2,active,0,50,800000,2,76.0,2.165253362218576,2.3184233245814194e-05,1.0707399720677037e-05,10.0,21.32959241814375,17063673.934515,1621.049023778925
n800k-b2,all,50,100,800000,2,76.0,0.5657852707765223,1.6435552239191667e-05,2.9049098815588452e-05,10.0,312.38971410357163,249911771.2828573,23741.618271871444
n800k-b2,active,50,100,800000,2,76.0,0.5660270563957878,2.121799660821531e-05,3.748583458770012e-05,10.0,312.12288866637914,249698310.93310332,23721.339538644814
n800k-b2,all,100,150,800000,2,76.0,0.26117450123996067,1.6442046733492177e-05,6.295425723197087e-05,10.0,1466.015128343984,1172812102.6751873,111417.1497541428
n800k-b2,active,100,150,800000,2,76.0,0.2614169306992164,2.1226221403759675e-05,8.119681210771442e-05,10.0,1463.297320753589,1170637856.6028712,111210.59637727277
n800k-b2,all,150,200,800000,2,76.0,0.19237703315501098,1.6444216549806218e-05,8.547910465256015e-05,10.0,2702.051078582305,2161640862.865844,205355.88197225516
n800k-b2,active,150,200,800000,2,76.0,0.1929223419774012,2.122891743598501e-05,0.00011003866746792733,10.0,2686.797584690602,2149438067.7524815,204196.61643648575
