rank,case_id,wc_eV,eta,ntraj_per_run,independent_repeats,time_end,required_until,required_Q,active_orbitals,inactive_orbitals,max_inactive_noise,inactive_noise_limit,tail_window_start,tail_Q,signal_rms,signal_peak,repeat_noise_rms,particle_number_max_error,passes_required_interval,min_active_Q_0_10,Q_orb0_0_10,Q_orb1_0_10,Q_orb2_0_10,Q_orb3_0_10,min_active_Q_10_20,Q_orb0_10_20,Q_orb1_10_20,Q_orb2_10_20,Q_orb3_10_20,min_active_Q_20_30,Q_orb0_20_30,Q_orb1_20_30,Q_orb2_20_30,Q_orb3_20_30,min_active_Q_30_40,Q_orb0_30_40,Q_orb1_30_40,Q_orb2_30_40,Q_orb3_30_40,min_active_Q_40_50,Q_orb0_40_50,Q_orb1_40_50,Q_orb2_40_50,Q_orb3_40_50,min_active_Q_50_60,Q_orb0_50_60,Q_orb1_50_60,Q_orb2_50_60,Q_orb3_50_60,min_active_Q_60_70,Q_orb0_60_70,Q_orb1_60_70,Q_orb2_60_70,Q_orb3_60_70,min_active_Q_70_80,Q_orb0_70_80,Q_orb1_70_80,Q_orb2_70_80,Q_orb3_70_80,min_active_Q_80_90,Q_orb0_80_90,Q_orb1_80_90,Q_orb2_80_90,Q_orb3_80_90,min_active_Q_90_100,Q_orb0_90_100,Q_orb1_90_100,Q_orb2_90_100,Q_orb3_90_100
1,s4r2_wc0p08_eta4em5,0.08,4e-05,1000000,3,100.0,100.0,2.2105915805042033,0 2 3,1,2.3938294555001748e-05,3.3256405808208476e-05,80.0,2.2105915805042033,0.0004429540347860161,0.0008707357901106106,0.00010671665995856802,1.6013856907193258e-12,False,159.8615143683998,265.3405841968881,24.720502809062133,159.8615143683998,209.11142669263697,23.984621194559,40.33489908229458,13.93125910997392,35.20794541076193,23.984621194559,10.301504741698485,17.18375357627904,8.439094980012676,10.301504741698485,14.340031557830002,8.150492844755522,12.132429082894285,7.896047680445161,8.150492844755522,9.002222717443995,5.682537814889888,7.26692021142916,3.806353488131192,5.682537814889888,5.94720122157271,4.360594338747625,5.976772049308924,4.215694288352169,4.360594338747625,5.2600236098436985,3.343970934785083,4.289805898037355,2.7136061817510595,3.343970934785083,3.6807189982784947,2.563820706243886,3.610108222021668,2.7352843873135146,2.563820706243886,2.8016247125958067,2.246833051029527,3.264081920369537,2.740497047297175,2.246833051029527,2.6302150636529085,2.2105915805042033,3.1601723183711896,1.9870652731100076,2.385096470948496,2.2105915805042033
2,s4r2_wc0p10_eta4em5,0.1,4e-05,1000000,3,100.0,100.0,2.175834976673646,0 2 3,1,1.96743874520133e-05,3.352596060447909e-05,80.0,2.175834976673646,0.00044523252667342503,0.0007405824429552824,0.00010518446824175761,1.5982770662503754e-12,False,106.2870887099979,131.68676745316876,33.16695964599957,106.2870887099979,108.99287227220641,26.9516396953711,40.164459714152436,16.713193670231597,31.46752341446117,26.9516396953711,12.07181703790546,20.1522944417807,6.754730887644362,17.79715682283441,12.07181703790546,8.137416382343213,13.145700162913652,7.8981867776825885,8.137416382343213,11.021491892560006,4.474564327490796,7.517965850196428,5.2509138925896375,4.474564327490796,5.724915411300726,4.183371733379252,6.656922993745303,4.70361489357797,4.183371733379252,4.387344316347627,3.3911164919093766,4.9916210738538975,3.0078660728235738,3.3911164919093766,3.6214492616305125,3.026407244769756,3.9726406560156575,3.617196717874149,3.0664335478327738,3.026407244769756,2.5030276088824377,3.895028577148412,2.379120583546532,3.113855799102609,2.5030276088824377,2.175834976673646,2.6898278595056984,2.626581320857164,2.175834976673646,2.4252599590664956
3,s4r1_wc0p12_eta3em5,0.12,3e-05,1000000,3,100.0,100.0,2.1741979165031102,0 2 3,1,1.0995308893125258e-05,2.4503709188691502e-05,80.0,2.1741979165031102,0.000320247198738261,0.0004969211087335268,7.519561809203391e-05,1.6653345369377348e-12,False,114.03286586991575,153.66300973101386,33.82479151061966,114.03286586991575,156.80793020762184,28.008967997751753,38.51905763992999,16.602147659829544,28.008967997751753,33.842042983276194,13.722529261333792,21.737482154935762,6.7121622579991715,14.170219158505596,13.722529261333792,8.619783968453437,14.356762795267565,5.499463670830932,8.619783968453437,9.132232092485332,4.799612231854311,8.209832330544769,3.4202136283014277,6.050890085900072,4.799612231854311,4.09600912303724,5.76615935655497,3.9085488382222464,4.09600912303724,5.4774231245259,3.1339434054844606,4.785074825130316,4.17347951342059,3.1339434054844606,3.8747760766283745,2.8697977157608863,3.9918272791946676,3.252685701205283,2.8697977157608863,2.974361501484064,2.1741979165031102,2.905146799009931,2.7946926125519274,2.283382866315623,2.1741979165031102,2.1929561951449084,3.3382545623539635,2.3635883311464743,2.1929561951449084,2.409806627639195
4,s4r2_wc0p25_eta6em5,0.25,6e-05,1000000,3,100.0,100.0,2.1376998087141357,0 2 3,1,4.630577510599974e-05,5.040689420469128e-05,80.0,2.1376998087141357,0.0006996480186519704,0.0013283368085576614,0.00017503787847226405,1.6482371023585074e-12,False,102.2319083555863,133.99265372220938,33.588513630347855,134.9483295055274,102.2319083555863,31.84688691671945,48.82812505563552,16.027820555580163,37.54439403343518,31.84688691671945,15.079940273857968,22.08381451034931,11.003986349407791,16.791039006579993,15.079940273857968,9.871659339401052,15.086494033527563,8.48523656994282,10.351922857691642,9.871659339401052,4.64384390809961,7.285291115999441,4.8741922778957285,4.64384390809961,5.128145009416067,4.219198015905142,6.691585903870597,3.4534456770091517,5.3004170013887935,4.219198015905142,4.092242557035077,5.737059956924311,4.330913561924,4.300352898522842,4.092242557035077,2.788601932386846,3.806145058781195,2.8944828827356854,3.235424886688689,2.788601932386846,2.1376998087141357,2.655959452409048,3.7811567552915193,2.1376998087141357,2.2716559007035295,2.3384007805613285,3.1143123512021775,2.7008673291811367,2.3384007805613285,2.4793573333177075
5,s4r1_wc0p40_eta8em5,0.4,8e-05,1000000,3,100.0,100.0,2.092731755017675,0 2 3,1,7.965363760898082e-05,6.723899165322843e-05,80.0,2.092731755017675,0.0009721229856733843,0.001682724696886241,0.000247035045374175,1.5192291868970642e-12,False,125.35415654918074,158.6997662835961,41.1185744982328,158.09954838363964,125.35415654918074,38.03488956332638,51.78444315294346,27.580163021983427,42.921922498337,38.03488956332638,15.665547299037858,23.124196698460963,7.769155463098014,16.929614582130824,15.665547299037858,9.377871316300158,13.092304321291934,7.707046037484162,9.463756381391232,9.377871316300158,5.55459631859338,8.207680073744733,5.705886850571479,5.55459631859338,5.925999268047271,4.204904859915038,7.346182050823062,4.935029801969824,5.084553773102867,4.204904859915038,3.61292488640679,5.800971868394321,4.2142566347054995,4.416277956959854,3.61292488640679,2.4457843717515853,4.153647465619567,3.898698104743937,3.671582511121434,2.4457843717515853,2.4114164734126433,3.1855534959505203,3.109456371850383,2.957456690507174,2.4114164734126433,2.092731755017675,2.627234200193892,2.6495939910519164,2.3065842866148407,2.092731755017675
6,s4r2_wc0p30_eta8em5,0.3,8e-05,1000000,3,100.0,100.0,2.082421839202024,0 2 3,1,9.011803691338254e-05,6.814057377961084e-05,80.0,2.082421839202024,0.0009782591551864347,0.0016898189048223816,0.00023871837511671667,1.5223378113660146e-12,False,102.0962507309049,246.64131001968883,26.392343020547443,102.0962507309049,156.06024508732258,35.63968939920477,68.64922794806807,20.07067973112494,37.18384834592812,35.63968939920477,13.396098566595676,19.479718021973866,9.888805802692668,13.396098566595676,15.871923918860453,8.485998577095218,14.833949317224095,6.433496395595539,9.660953245038566,8.485998577095218,5.102745151744018,8.289255818570846,5.266622688407668,6.913406357602386,5.102745151744018,4.256456646773284,6.351870080428713,5.284277182806674,4.256456646773284,5.462508921926916,4.026815844793881,5.0985295033052624,3.3616361490915847,4.026815844793881,4.076869172502953,2.9774791677351433,4.079089907467693,3.3505861085151722,3.2988989353733382,2.9774791677351433,2.5363056869192664,3.3106948997612937,3.5436822488411583,2.5363056869192664,2.7523849859879514,2.082421839202024,3.1501532719617,2.5372548389607736,2.5102124217278488,2.082421839202024
7,s4r1_wc0p20_eta8em5,0.2,8e-05,1000000,3,100.0,100.0,2.076895960032684,0 2 3,1,8.567324317508496e-05,6.821437517145497e-05,80.0,2.076895960032684,0.0009719447242029919,0.0016236316154197281,0.00024518080003398053,1.5214496329463145e-12,False,138.57722499675495,232.02411177428513,37.32944207400896,138.57722499675495,211.5519066652445,33.884913782670715,49.507747581614844,27.84385001355528,33.884913782670715,38.85278439343553,17.42348434961901,22.83795753072407,10.238683002389939,17.42348434961901,18.235848783792058,9.812896405624087,16.10606735502949,9.778099680351092,11.866258424064787,9.812896405624087,7.157067843791214,9.019627935277205,6.856185181412993,7.159989211501751,7.157067843791214,4.555788821008694,7.254011200764246,5.0286301103434665,4.555788821008694,5.972536366782742,3.7537158084349076,5.332110458493551,4.385837574153014,3.7537158084349076,4.359271213934996,2.9393556784319848,4.605790535123853,3.301495328232007,3.161427816603666,2.9393556784319848,2.3630066350364145,3.331871255039301,3.48615380908601,2.8432298060254135,2.3630066350364145,2.076895960032684,2.4757167987259097,2.4251465018132294,2.101922732770127,2.076895960032684
8,s4r2_wc0p18_eta4em5,0.18,4e-05,1000000,3,100.0,100.0,2.028431090873628,0 2 3,1,2.0451793839987792e-05,3.3150964086986506e-05,80.0,2.028431090873628,0.0004419553059883935,0.0007032429769290528,0.00010688742952898394,1.5982770662503754e-12,False,79.4860240942742,180.16394241553186,45.45116241942351,79.4860240942742,119.07333614886988,27.081776541833424,44.76604916260169,14.079869807697827,31.163554166062127,27.081776541833424,16.161740027220052,23.997561133576077,7.638026656514557,19.03045468611125,16.161740027220052,7.908501301882759,10.076756196412505,6.544030352789513,9.075467132086601,7.908501301882759,4.876714295092286,8.06844979703298,4.694571040835434,5.332539133433694,4.876714295092286,4.089887415811075,6.22594001264236,3.4778329336496867,4.089887415811075,4.542775697849666,3.3758836263914973,4.712446168011812,3.314078290458102,3.3758836263914973,4.302044660309792,3.1771489803035333,4.2033531265331305,2.8341753476017395,3.1771489803035333,3.3840005745625588,2.085530504841469,3.175156988359401,2.5999962995584163,2.085530504841469,2.7516396130246656,2.028431090873628,2.898307005724572,2.1326742787350064,2.028431090873628,2.063688673925811
9,s4r2_wc0p12_eta4em5,0.12,4e-05,1000000,3,100.0,100.0,1.963575031275126,0 2 3,1,1.8747079037608976e-05,3.308367439595842e-05,80.0,1.963575031275126,0.00044175875719517656,0.0007394479503183268,0.000109302676874181,1.595168441781425e-12,False,114.72731435112884,222.54202804891898,31.087372689298828,114.72731435112884,155.31412719358883,29.40276408396633,48.30747775368354,12.924072828883826,29.40276408396633,38.92350323363188,11.93898445690487,19.778647677342764,6.593500456697097,11.93898445690487,19.838187240270265,8.221184650483808,13.205522424153902,6.740646314535904,9.21387423081655,8.221184650483808,4.903588382246734,8.3994942512572,5.159778277788285,4.903588382246734,4.9605615794113405,5.260835891286248,7.164914329201086,3.5297215733747995,5.260835891286248,5.729669330742852,3.4417251113436116,5.390436545715308,3.6720290929438115,3.4417251113436116,4.889478225766153,2.195225222970247,3.4487550645550074,3.956148491847847,3.035339813963732,2.195225222970247,2.5056384492985884,2.97968361031992,1.9566689678109526,2.5056384492985884,2.506846574918113,1.963575031275126,2.8076708122017355,2.617738072393239,2.2544976355901616,1.963575031275126
10,s4r2_wc0p50_eta1em4,0.5,0.0001,1000000,3,100.0,100.0,1.9130169552425935,0 2 3,1,0.0001503021410791206,8.451468695712688e-05,80.0,1.9130169552425935,0.0013086250777960375,0.002244062744774408,0.00034767544767354345,1.5829559885105482e-12,False,135.13597974100807,182.87719198850417,34.676293928833154,135.13597974100807,217.610078589581,40.048791894324275,64.16597520301855,25.095553474433977,42.871177758673475,40.048791894324275,13.384038483780701,21.074315056037964,9.867265972382924,13.384038483780701,16.30631330642628,9.325284682891269,14.690908983799739,8.767685304213318,10.066892797512704,9.325284682891269,6.61720148485555,9.444107655358204,6.3342192531205495,6.61720148485555,7.479285921682232,4.43768796699968,8.733189518684844,5.798422464827257,6.540906005283875,4.43768796699968,3.164473448985901,4.6693655925992585,3.798287314675706,3.164473448985901,3.4468802340769673,2.674988628450009,3.277867701440591,3.007340428974835,2.725010243849395,2.674988628450009,2.381020422790677,3.5483950731734635,3.34666696433001,2.381020422790677,2.843151078035452,1.9130169552425935,3.041111884790026,2.312411289167191,2.40256341956577,1.9130169552425935
11,s4r2_wc0p12_eta5em5,0.12,5e-05,1000000,3,100.0,100.0,1.8896448489498445,0 2 3,1,3.3873714796824865e-05,4.1795323980124394e-05,80.0,1.8896448489498445,0.000569126216639107,0.0008688179382932827,0.0001458312839273369,1.6231460620019789e-12,False,108.8928047745133,227.5392712790049,25.924289048734558,159.15735594931755,108.8928047745133,27.302580487699124,35.35556654493493,20.002202952801028,27.302580487699124,30.707434820319918,13.650269691647447,18.46949465847084,6.894955400052003,13.650269691647447,15.986100854075415,8.712654128009184,14.922322794936829,5.918821112503484,9.742935436633378,8.712654128009184,6.148182283965482,9.342931113577297,5.3555838453522835,6.148182283965482,6.441983368316039,3.6943158067111734,5.526257428022567,4.828612417438503,4.830059207090761,3.6943158067111734,3.6771282579178584,5.417176216521244,4.026077436382011,3.7109976665851288,3.6771282579178584,3.000856056864591,4.537412855430818,3.035432559558875,3.402483087724624,3.000856056864591,2.07421015332753,3.0795683922497155,3.1132499916757617,2.3045719970324487,2.07421015332753,1.8896448489498445,2.4664578906194063,2.4331604857268805,1.8896448489498445,2.091261776381773
12,s4r1_wc0p12_eta8em5,0.12,8e-05,1000000,3,100.0,100.0,1.8751367699267125,0 2 3,1,7.699098950634315e-05,6.866199868964858e-05,80.0,1.8751367699267125,0.001000689520457612,0.0018030610062239273,0.0002431538898523881,1.5187850976872141e-12,False,112.8565930129842,308.17848571927243,25.67993622773473,112.8565930129842,159.462624271332,39.35626404331673,57.96676820716327,18.637458457438747,41.52522504119235,39.35626404331673,12.945038333907045,18.8215649889216,10.634923515496114,15.81503852588364,12.945038333907045,10.694400280268768,14.683911279783583,7.292125288137862,11.808231819119712,10.694400280268768,6.199536279448833,8.866996682709393,5.956252213500526,6.425415463112461,6.199536279448833,4.52311544258012,6.140125053304169,4.375472457182523,4.74226407746591,4.52311544258012,3.7898696646389123,5.189841201834604,3.8289215567660126,3.7898696646389123,3.9877881682870413,3.1299003809083534,4.625243323082457,2.9850100265530455,3.569641342143946,3.1299003809083534,2.61840619857341,3.551675993008025,3.0822148129876465,2.9074283400542793,2.61840619857341,1.8751367699267125,3.3762787196224155,2.953200871149201,2.2858647505622023,1.8751367699267125
13,s4r2_wc0p12_eta2em5,0.12,2e-05,1000000,3,100.0,100.0,1.8696734846269272,0 2 3,1,6.209383149994464e-06,1.6234410827090003e-05,80.0,1.8696734846269272,0.00020199849470754977,0.00033050577723828267,5.222200652487997e-05,1.674216321134736e-12,False,69.63510615412234,98.943038838218,27.49084162386428,115.94761244997669,69.63510615412234,26.47561913572568,37.62544630943386,13.340214422544385,29.912328225933535,26.47561913572568,10.264353015552082,13.588116392648768,7.400278560648834,10.264353015552082,11.419609206034925,7.810118415191207,11.147935924958977,4.638031781904297,9.93003057152927,7.810118415191207,4.332370612564345,5.920120417792442,3.939328903877248,4.899964803292799,4.332370612564345,4.5677998807796225,5.9480949387289135,3.9196801962373504,4.5677998807796225,4.577475526236715,3.00995259764202,4.506680990048723,2.6742227694388316,3.00995259764202,3.2529116910221254,2.2584084825562676,3.2463068746646697,2.3838711524791374,2.639865442690079,2.2584084825562676,2.1914493192124023,3.320627547644478,2.043554705445597,2.4055633836863906,2.1914493192124023,1.8696734846269272,2.435499296834316,1.9382918874539097,1.8696734846269272,2.142523596499538
14,s4r2_wc0p15_eta5em5,0.15,5e-05,1000000,3,100.0,100.0,1.8642910867178748,0 2 3,1,3.282358967660997e-05,4.210107123992038e-05,80.0,1.8642910867178748,0.0005658089171543312,0.0008553798045445513,0.0001393303146218438,1.6204815267428785e-12,False,111.26502004639501,183.99733345834548,49.564787142360764,121.28234838365199,111.26502004639501,31.56830454279858,43.25269404673017,16.891037510521638,31.56830454279858,31.595162505639518,14.491638283732073,25.152491716133234,8.028061718593387,17.294362754236865,14.491638283732073,10.67847815515099,14.475430961007534,6.215612291954677,11.019963326476827,10.67847815515099,5.387116141019678,9.094315379746675,4.105726387728855,5.387116141019678,7.62839910959518,4.5368658944727756,7.37867118441642,4.090800609071671,5.8190497334472235,4.5368658944727756,3.9587920091838114,4.933503729777451,3.5047194265911115,4.247199939128316,3.9587920091838114,3.080817682744945,4.51262373559559,2.655315548792763,3.080817682744945,3.3414651285830366,2.0466492593377477,2.8978613427382487,2.540656632112409,2.6074916962317616,2.0466492593377477,1.8642910867178748,2.5796963555301993,2.3898796401858364,2.4451601486804235,1.8642910867178748
15,s4r2_wc0p10_eta2em5,0.1,2e-05,1000000,3,100.0,100.0,1.8449994514604227,0 2 3,1,5.153299655220468e-06,1.618775412864256e-05,80.0,1.8449994514604227,0.00020199683620805996,0.0003284356069168316,5.087345364283138e-05,1.6791013024430868e-12,False,73.69869794575285,89.5707449938424,20.717142501017673,73.69869794575285,91.58490736948649,29.93157958306095,50.50815057692012,9.140109468889433,38.097461694929436,29.93157958306095,11.74001319513977,20.216340605566714,5.073019036582589,11.74001319513977,15.996780925775937,9.458737366938177,15.074846292075575,4.803429370207041,9.535172292087935,9.458737366938177,4.192728828408644,5.876064508352907,3.136881217926229,4.192728828408644,4.228874671475576,4.738628116628235,6.541439764621072,2.8196181095470987,5.137972751808749,4.738628116628235,2.9535317862131936,4.6247458345604535,2.562218789803274,4.039529103026443,2.9535317862131936,2.7807631609792507,3.912714027045605,2.169611369336534,2.7807631609792507,3.346237778354016,1.8449994514604227,2.701794837444263,2.3375524149006814,2.2209101016118367,1.8449994514604227,1.9216786873925498,2.8258987178392485,2.081099990345323,1.9379648184894627,1.9216786873925498
16,s4r2_wc0p15_eta2em5,0.15,2e-05,1000000,3,100.0,100.0,1.8418026093545252,0 2 3,1,5.697489635554533e-06,1.60269103512046e-05,80.0,1.8418026093545252,0.00020227492953300182,0.00032655077482430107,4.9048374982734766e-05,1.6784351686283117e-12,False,104.37695049212756,141.8766676519669,17.05984352062955,165.5927381858126,104.37695049212756,30.221244450232827,44.02603008748173,8.426913049092809,30.221244450232827,37.60204041057349,10.130860846268078,13.689937353473352,4.289304475676072,10.754492567707022,10.130860846268078,7.256416817252643,12.98628265221439,4.066967549018205,9.316144681290634,7.256416817252643,4.925295212476187,7.103385104935111,3.884642235960359,4.925295212476187,5.45161383071547,3.5444544066280206,5.561960501383252,3.1893327105368803,3.5444544066280206,4.1186783483643,3.1041934535535773,5.621293118404197,2.2211044499057544,3.4846579738089836,3.1041934535535773,2.9714198847392836,4.226933224772993,2.5496447596633844,3.239521428093322,2.9714198847392836,2.422190229508714,3.3725408462747866,2.0380818192785735,2.5512007737614524,2.422190229508714,1.8418026093545252,2.397396968144568,1.9392738032418868,1.8418026093545252,2.0777940732172087
17,s4r1_wc0p05_eta3em5,0.05,3e-05,1000000,3,100.0,100.0,1.8328344281355895,0 2 3,1,1.2736940475804173e-05,2.483477646332784e-05,80.0,1.8328344281355895,0.0003173341253175455,0.000501688160614225,7.478869284218677e-05,1.66600067075251e-12,False,124.93260917215322,169.3286896114616,20.703495961060565,124.93260917215322,124.98803588409486,32.593345502895126,54.49747478856952,16.38872678085256,39.4711223889806,32.593345502895126,12.328302402396782,16.463145912055182,6.700496106203699,12.328302402396782,13.99374138547887,8.746732610965791,14.904308231220112,5.715899812893339,8.90737198522184,8.746732610965791,5.257458137323632,8.07641459968795,4.22085991309738,5.257458137323632,7.116190060212289,5.045386720812993,6.910177858775166,2.9546596701249888,5.045386720812993,5.354777784321832,3.1928686448586197,5.037190629730491,3.282559092333584,3.5330732975038095,3.1928686448586197,2.9246219755391576,4.110397652042809,3.1325074645664315,3.0829934480508823,2.9246219755391576,2.358667881036107,3.099218452732128,3.013649644121748,2.358667881036107,2.468721576295903,1.8328344281355895,2.9218231241009196,1.9456642814056162,2.171970900102716,1.8328344281355895
18,s4r2_wc0p08_eta2em5,0.08,2e-05,1000000,3,100.0,100.0,1.5844840034501368,0 2 3,1,5.929608644968666e-06,1.628725348743066e-05,80.0,1.5844840034501368,0.00020198209418136281,0.0003318086237765191,5.287340166141838e-05,1.6788792578381617e-12,False,104.6979720742317,146.79996457595965,12.698318287828103,104.6979720742317,122.10105194057155,23.91747297948666,42.535563515278305,10.437791498876978,23.91747297948666,28.476732678712786,10.220843558053089,16.880435047747874,4.845976339215913,10.220843558053089,11.17708046588711,6.738081463623953,10.250277379245338,4.323801808639129,7.187348306416569,6.738081463623953,4.1882265648752846,5.834774227531068,2.735451678833901,4.883386265807699,4.1882265648752846,3.860663884522224,5.397441562597788,2.9152183364340143,4.150803897063439,3.860663884522224,3.01965992733008,4.147382913456681,1.8618020324895104,3.01965992733008,3.103045012326527,2.451452255042469,4.579208092954361,2.5343464733170644,2.451452255042469,2.886545863355943,2.0158208563689457,2.9608216237765332,2.1682515084997047,2.059011752358523,2.0158208563689457,1.5844840034501368,2.2856705669589643,2.007911161200179,2.073837739956705,1.5844840034501368
19,s4r2_wc0p15_eta3em5,0.15,3e-05,1000000,3,100.0,100.0,1.4872684672214347,0 2 3,1,1.1524962997987129e-05,2.4680138909383366e-05,80.0,1.4872684672214347,0.0003170952705242009,0.0004973932971532065,7.957910438718626e-05,1.6682211168017602e-12,False,107.5714382655472,176.66742594031442,19.5312075430732,107.5714382655472,109.16852061952974,25.560859566677674,52.335721522623714,13.584672570278197,29.235026504567085,25.560859566677674,14.597301103283744,20.708610446541407,6.598558833289098,15.667400946086508,14.597301103283744,8.185846670260325,12.913128827539552,4.370294370033721,9.013596415713279,8.185846670260325,4.831842348203138,7.718034182060073,3.909212382482366,5.086954627257027,4.831842348203138,3.764519832455511,6.568104185553665,3.313080141672031,5.122283242988327,3.764519832455511,3.323616720459213,4.28622896015279,2.7679617571349024,3.323616720459213,3.3385493312409915,2.6523258407441435,4.607981695166516,2.9996375100954884,2.6523258407441435,3.068053105215903,2.259327655989528,3.420085869450155,2.8427170110372377,2.259327655989528,2.5411000659090472,1.4872684672214347,2.385870921773652,2.296616953112637,1.4872684672214347,2.2531710178542683
